tweet_id,created_at,text
1267705,Thu Oct 26 07:43:44 +0000 2017,@AppleSupport Things for :/
1688556,Mon Nov 06 17:10:35 +0000 2017,@AppleSupport battery life on 11.1 is horrible. Is this a known issue/is a fix coming soon?
1208446,Sun Oct 15 22:36:11 +0000 2017,"@applesupport
I have just moved from windows to iMac. iTunes won't add artwork for my cd's even though the same cd's are in the iTunes Store"
2695105,Sun Nov 19 17:16:20 +0000 2017,Hey @AppleSupport when tf are we fixing the I problem?!!
2057773,Fri Oct 06 21:53:14 +0000 2017,@AppleSupport dawg ios 11.0.2 is trash 😂😂😂 my phone has literally restarted by itself 20+ times since i’ve updated
2057975,Fri Oct 06 22:46:50 +0000 2017,@115858 how do i un-update my phone #thisisgarbage
553550,Sat Dec 02 16:49:39 +0000 2017,"Alguns conhecidos estão reportando problemas no funcionamento do iPhone ou iPad, como no meu caso. Alguém tem informação se é da  @115858 ?"
9156,Wed Nov 01 20:42:22 +0000 2017,@117639 @AppleSupport Having the same issue
2929725,Tue Nov 14 18:52:37 +0000 2017,@115858 Please fix iOS 11 battery drain. I have to run in low battery to survive the day.
2476138,Wed Nov 15 06:07:27 +0000 2017,Does anyone have a fix for the @115858 I️?
592249,Sun Dec 03 16:26:14 +0000 2017,"@115858 @AppleSupport I’m assuming you guys won’t fix the “ I.T “ problem either, i don’t understand how this is even possible from you guys. #disappointed"
2027212,Mon Nov 06 17:13:08 +0000 2017,@203649 @AppleSupport Having the same issue. #figureitoutapple
1591105,Sat Nov 04 20:20:26 +0000 2017,Apple should have feature which can lock any app and can be open via touch id @115858 @AppleSupport
1980440,Tue Oct 31 22:08:21 +0000 2017,@115858 plz explain why can no longer use the letter that is in the middle of H &amp; J with out this fuckery 👉🏼 I️ I️ I️ I️ I️ I️ I️ I️ I️ I️
1183839,Sat Nov 04 13:34:04 +0000 2017,@AppleSupport My Apple Pencil stopped pairing with my iPad Pro. I've charged the pencil from iPad and an external and still nothing. Help.
2683665,Sun Nov 19 15:56:58 +0000 2017,@AppleSupport the drag and drop also kicks in when i am not multitasking. Is this a bug?
594628,Sun Dec 03 17:54:28 +0000 2017,"My alarm didn’t go off and now ima be late to work, worst update ever. @AppleSupport"
2273926,Sat Nov 11 04:18:34 +0000 2017,"Dawg, 👁 just spazzed. @AppleSupport fix it NOW. I️ I️ I️ I️ I I️ I️ I️ I️ I️ I️ I️ I️ I️ I️ I️ I️ I I️ I️ I️ I️ I️ I️ I️ I️ I️ I️ I️ I️ I I️ I️ I️ I️ I️ I️ I️ I️ I️ I️ I️ I️ I I️ I️ I️ I️ I️ I️ I️ I️ I️ I️ I️ I️ I I️ I️ I️"
433046,Tue Oct 10 05:18:00 +0000 2017,@AppleSupport I just got a new iPhone 8+ but I can’t get it to pair with my 1st gen Apple Watch. Help?
965355,Sat Oct 21 21:31:41 +0000 2017,@AppleSupport what should i do? https://t.co/ShFdGm0Kb0
566805,Sun Dec 03 01:13:17 +0000 2017,I swear every time there’s a update/new iPhone . My phone messes up so much. @115858 WTH IS YOUR PROBLEM ❓❗️❓❗️
1265230,Thu Oct 26 03:46:35 +0000 2017,@AppleSupport Is there currently a News app outage?
1697342,Mon Nov 06 22:46:13 +0000 2017,@115858 .....soo when y’all gonna fix this “I️” thing ????
593563,Sun Dec 03 16:58:19 +0000 2017,@115858 @AppleSupport OS 11.2 is the crappiest OS till date. Older devices are unable to support it. Apps on My iPhone 6 and iPad 4th gen keep crashing
1454594,Thu Nov 02 14:53:45 +0000 2017,It seems that there is a bug in macOS as well! My keyboard is not working &amp; it says try to connect a wireless one! @AppleSupport
2417474,Tue Nov 14 17:25:43 +0000 2017,"@AppleSupport ever since the new update my i7 has been EXTREMELY laggy, when I type the keyboard lags and opening or switching apps, everything lags. Please fix this in a new patch. 
I’m also seeing the question mark box on twitter."
687931,Thu Nov 23 16:04:44 +0000 2017,@AppleSupport Did all of that. Won’t even let me restore the phone when connecting it to the computer
2322639,Thu Oct 19 23:55:33 +0000 2017,@AppleSupport the iOS 11.0.3 is full of bugs. The camera app doesn’t open when I swipe to the left anymore. This is really pissing me off https://t.co/ZMno5iQasJ
1781735,Thu Oct 12 00:22:46 +0000 2017,"@81 @AppleSupport @34361 And @34361, next time maybe you shouldn’t open packages that don’t belong to any of your employees."
2095703,Tue Oct 10 13:07:50 +0000 2017,Glad I'm not alone with my phone fucking up since updating it. No alarms and constantly crashing😡 @AppleSupport
861953,Wed Oct 25 14:30:27 +0000 2017,"@AppleSupport The trackpad touch don't work sometimes, gets stuck and will work fine again once I restart. But happens again! Version is High Sierra only."
2425858,Tue Nov 14 18:59:42 +0000 2017,"@AppleSupport I can’t even  listen to none of my podcasts cuz the app keeps shutting down, what is going on with this new update?"
711141,Tue Oct 10 22:53:15 +0000 2017,"@AppleSupport only on calls can I not hear.... everything else works just fine. 
#frustrated"
1599718,Sun Nov 05 01:33:21 +0000 2017,"@AppleSupport This could also be an @126 thing too, so just know I’m not solely blaming ya’ll."
325919,Sat Oct 07 16:08:52 +0000 2017,@AppleSupport Thanks
2565703,Thu Nov 16 19:33:40 +0000 2017,"@AppleSupport It happens when I move an image from my desktop to my trash can. The image goes into the trash can but them a ghost image stays on the desktop. Then, the ghost image appears on top of every thing I do (websites, other apps etc.)"
1509384,Fri Nov 03 15:08:52 +0000 2017,"@AppleSupport Also- when i plug it in at say 20%, it will jump up to 50%"
722566,Wed Oct 11 03:06:20 +0000 2017,"@AppleSupport Yes they are still on my phone. But they don’t play when selected. Tones don’t play at all, but default ringtone plays instead of selected."
361774,Sun Oct 08 15:34:14 +0000 2017,@115858 my phone after it updated to iOS 11 https://t.co/8aWtb4fOTL
266510,Sat Oct 07 04:51:52 +0000 2017,@AppleSupport It crashes when I export out of adobe premiere twice now
2554029,Thu Nov 16 16:12:21 +0000 2017,"@AppleSupport I was updated my phone before few days, I lost everything that day when my iPhone stuck. It stuck on lock screen when I enter the passcode. I can access to the camera and photos only.
I restored my iPhone and restored the final backup"
2301504,Sun Nov 12 14:20:22 +0000 2017,"@AppleSupport since latest update for apple watch, battery life is crap. Doesn’t last 7 hours. It used to be all day.  Will this be fixed? Otherwise I might as well throw watch away."
2492286,Wed Nov 15 17:36:57 +0000 2017,@AppleSupport does Apple care cover headphones? Charger?
2728116,Mon Nov 20 10:37:35 +0000 2017,"Anyone else getting “call failed” and being cut off on their iPhone? It’s been constant for me for the past few weeks and I’m running the most up to date iOS! I’ve always had an iPhone, however I may seriously need to consider Samsung, as this is ridiculous @AppleSupport 👎🏻"
2093676,Wed Nov 08 03:52:47 +0000 2017,Can apple fix this iPhone glitch!!! I️ want to use my i’s without them being autocorrected every time @AppleSupport @115858 🙄🙄🙄
2795500,Tue Nov 21 21:36:34 +0000 2017,"Though I have provivided all security info needed in transferring my apple account to my new iPhone, why am locked out of my account and now having to wait two days for it to be unlocked? Not great service @AppleSupport"
2502064,Wed Nov 15 19:39:51 +0000 2017,"@AppleSupport Hi, your Friends app does not push messages from the watch to my iphone even when the function is turned on. Must be a bug !"
2903767,Tue Nov 28 18:39:42 +0000 2017,@AppleSupport been complaining about the bottom part of my phone wont work  having a hard time using space bAr
1763040,Tue Nov 07 19:21:37 +0000 2017,"@AppleSupport Had a problem for a long time, just set up my iPhone 8 and its still happening, brightness keeps going down even with auto off"
1905361,Wed Oct 25 04:31:30 +0000 2017,My phone dies at 19% &amp; my apps close on me constantly thanks @115858 &amp; no I won't buy your new phones I'll just suffer instead cuz u suk
2306229,Mon Nov 13 01:49:50 +0000 2017,@AppleSupport It didn’t fix it.. and it continues to do the exact samthing.
937393,Sat Oct 21 16:12:33 +0000 2017,@342218 @115858 It’s terrible. So many bugs still. Can’t get the fix updates right either. @115858....get it together.
2273971,Sat Nov 11 17:04:23 +0000 2017,@AppleSupport I have an iPhone 7 and this is happening on my Apple Music account playlist
1224422,Fri Nov 03 10:46:02 +0000 2017,@AppleSupport why will my phone not connect to find my iPhone or NFL fantasy? But I can text? And twitter? Why does IPhone 7 suck when 8 is?
1817803,Mon Oct 16 04:57:45 +0000 2017,WiFi and Bluetooth gets switched on each time I switch off flight mode. @115858 @AppleSupport #glitch #iOS11 https://t.co/erDS9UbYko
2406607,Tue Nov 14 15:36:42 +0000 2017,@AppleSupport Ios 11.1.1 on the iPhone 6
1581467,Sat Nov 04 18:14:13 +0000 2017,Dear @120640 why is it that my Apple iOS software suddenlyis becoming so slow that even my #iPadPro cant handle #YouTube?
1010559,Sat Oct 14 15:43:41 +0000 2017,"@AppleSupport But My iPad Pro 10.5 can’t find the handwriting information in iOS 11.0.3, this feature likely was removed, it makes me sad"
41707,Wed Nov 01 00:09:05 +0000 2017,"Please @115858 what the heck! Ever since I updated my iPhone I can’t even use Apple TV Keeps asking me to sign in I give the code, asks again"
1006070,Sun Oct 22 19:05:09 +0000 2017,@115858 are we kidding? Phone won’t hold a charge for more than an hour since updating to iOS 11 💁🏼 #blessed #getittogether!
1725746,Tue Nov 07 03:01:54 +0000 2017,"Is it crazy how my mind has already adapted so that when my eyes see I️ , my brain knows what it is lol

@115858 fix this!"
2505076,Wed Nov 15 20:38:33 +0000 2017,@115858 fuck your shitty autocorrect. Y’all sucking lately.
1680039,Mon Nov 06 10:22:06 +0000 2017,So nakakainis po talaga ang @115858 so ano na my MacBook is not working!!! @AppleSupport
2924675,Wed Nov 29 02:45:49 +0000 2017,"@116333 @AppleSupport Hi Tim! My music disappeared from my iPod Classic, I don't have a PC to restore it, it's the only way to listen to my favorite music. Is there any solution without a PC? @115858 Please, Help me!! I need my christmas music for this holidays! Best regards! https://t.co/kyKVvpeFHJ"
2266722,Fri Nov 10 22:40:35 +0000 2017,@AppleSupport restoring an iCloud backup on my new iPhone. Photos and videos haven’t gone across... I’ve erased iPhone and restored several times - what is happening?! 🤭
560417,Sat Dec 02 22:23:03 +0000 2017,@AppleSupport All of it
2834386,Mon Nov 27 09:27:00 +0000 2017,@115948 @AppleSupport i can‘t create new playlists anymore… for days it just ain‘t working. help me out.
2312102,Sun Nov 12 21:07:06 +0000 2017,@AppleSupport Just updated to iOS 11.1 and I keep getting a pop up saying sms not sent even though I’ve not tried to send one? Help pls 👍🏻
1394492,Sat Oct 28 10:27:12 +0000 2017,@AppleSupport can you help me? I’m not getting notifications for iMessages
2599495,Mon Nov 06 20:49:17 +0000 2017,@AppleSupport what is this A? Think that is substituting for i?
557826,Sat Dec 02 20:39:10 +0000 2017,@AppleSupport why’s my phone keep crashing? 😭😭😭 haaaaalp
2446404,Wed Nov 15 21:25:14 +0000 2017,"@AppleSupport That worked — thanks! ...can you also tell me why I keep getting unsubscribed from one of my podcasts? Just one, not the others"
2032660,Tue Nov 07 11:32:37 +0000 2017,"Hey @115858 support, I thought when update to iOS 11.1 the battery hugging issue will be fixed on iPhone 5s, but I was wrong. iSh!t.."
1475386,Fri Nov 03 09:39:43 +0000 2017,@AppleSupport I need quick reply... Still problem persists
1358037,Mon Oct 16 14:25:32 +0000 2017,@115858 hi kurze frage nach dem update auf ios 11 funktioniert mein wecker nicht mehr macht einfach keinen ton mehr obwohl alle töne an sind.
908008,Sat Oct 21 00:33:07 +0000 2017,I can't send messages on my phone and it's really pissing me off @115858
1738844,Tue Nov 07 13:37:15 +0000 2017,iOS glitch makes using the iPhone's keyboard a nightmare https://t.co/cXnDsth1h0 via @174844 -&gt; I️ am frustrated @115858  @AppleSupport
1151420,Sun Oct 15 00:43:28 +0000 2017,"Hey! @115858! You took my computer to fix it, lost it, and now no one knows where it is or how to fix it! Wtf?"
889049,Sat Nov 25 17:31:35 +0000 2017,@AppleSupport iOS 11.1.2 (15B202)
1857448,Thu Oct 19 07:44:12 +0000 2017,.@AppleSupport  I upgraded my iPad to 11.0.3 and now it barely works at all! Crashes constantly. Total pain!  How do I get it out?!?!
1655612,Mon Nov 06 01:40:52 +0000 2017,"OKAY @AppleSupport my phone X is frozen, won't let me type, won't let me slide to shut down . Help 😭😭😭😭"
945662,Sat Oct 21 10:22:04 +0000 2017,"My @115858 iPhone is the worst. Broken again, guaranteed to happen. Won't be getting another."
2784655,Tue Nov 21 17:43:38 +0000 2017,@AppleSupport will an Iphone 6 plus case fit an Iphone 6? is there alot of difference
847042,Fri Oct 20 11:17:53 +0000 2017,@AppleSupport what have you done to my phone with this iOS update?!?!? 🔋🆘↘️🗑
1269599,Thu Oct 26 10:53:04 +0000 2017,"@AppleSupport App Store works fine on wifi, problem is on the cellular connection only…"
1332747,Fri Oct 27 05:55:42 +0000 2017,@AppleSupport Thanks for the response. I have sent a DM
2185532,Thu Nov 09 16:46:07 +0000 2017,@AppleSupport @AppleSupport cause you’ve damaged my professional email reputation... you also ruined my ability to use my #BeatsByDre you monsters!!!
1535068,Fri Nov 03 19:48:39 +0000 2017,hey @115858 That new update deleted all my Apple Music FIX IT
2893331,Tue Nov 28 14:53:14 +0000 2017,@AppleSupport how did this happen and more importantly how do I fix it https://t.co/Z6356xDUj0
1736034,Tue Nov 07 04:54:32 +0000 2017,If one more question mark comes up as an I️ !!! I’m throwing the hands @AppleSupport
126390,Fri Nov 24 03:30:08 +0000 2017,@AppleSupport A1778 - 11.1.2 (15B202)
327105,Sat Oct 07 13:52:52 +0000 2017,"iPhone 6, 6S and 7 still crashing with iOS 11.0.2 @AppleSupport"
523007,Sat Dec 02 03:10:15 +0000 2017,@AppleSupport also you overcharged me $10 this month for my iTunes bill.
284424,Fri Oct 06 06:01:03 +0000 2017,Hey @AppleSupport I installed High Sierra last night and now my MBP is doing this 😧 https://t.co/nnk7odr42h
1643253,Sun Nov 05 22:57:42 +0000 2017,@AppleSupport my phone keeps dying really quickly like it loses battery really fast so I have to charge it 2 times a day. How can I fix it
2281169,Sat Nov 11 18:00:39 +0000 2017,@AppleSupport i believe they were synced with my yahoo account
1583087,Sat Nov 04 16:28:06 +0000 2017,@AppleSupport PLEASE FIX THIS “I️” GLITCH. DA FUQ.
1684370,Tue Nov 07 12:41:06 +0000 2017,"@115858 Por qué les sacaron el plug para audífonos, yo soy musico y trabajo con audífonos. :("
1936945,Fri Oct 27 22:18:52 +0000 2017,@115858 how do I order a new #iPhoneX &amp; switch from @ATT to @115725 from the Apple store?  I want to get my Apple Watch’s LTE working.
361704,Sun Oct 08 17:07:43 +0000 2017,@AppleSupport The old NEWS was so much better and I stopped using Flipboard but I may have to go back. Why have custome news if you are adding things?
1585378,Sat Nov 04 17:19:05 +0000 2017,Omg I’ve got the disease @AppleSupport @115858 get this glitch off my phone https://t.co/3m1cFQfIw9
2193392,Thu Nov 09 20:12:32 +0000 2017,"Ummmmmm can someone from @AppleSupport or @118721 either or...can you please DM me...I’m trying to figure out if I can change my little music plan to the student plan, and also about what the difference is....oh heck nevermind....I just asked the question on here....sheesh? Help!"
1625429,Sun Nov 05 18:17:56 +0000 2017,@AppleSupport The glitch in the letter I️ turning into an A in a box and a queston mark and the messages closing out when you type a text that’s too long
109038,Thu Nov 23 19:10:26 +0000 2017,@AppleSupport The newest one
1973689,Wed Nov 01 05:29:40 +0000 2017,I updated to iOS 11 but my phone is working slow . Is der any option to downgrade to iOS 10 ...? Dear @115858 @AppleSupport @157399
116026,Thu Nov 23 21:06:01 +0000 2017,@AppleSupport hello my phone is not good
939635,Sat Oct 21 14:20:00 +0000 2017,"Hey @AppleSupport i have background apps disabled on iOS11, Why are applications still being updated in the background? https://t.co/yXcijY4tQV"
2314375,Sun Nov 12 22:43:05 +0000 2017,"Seriously @115858, you have a new iPhone update every other day but can’t fix the letter i from changing to “I️” ? #fixthebug"
619414,Wed Nov 22 11:33:48 +0000 2017,This new iPhone update has completely drained my battery life. @AppleSupport any chance in producing a phone that lasts longer than 3 hours !!!
563097,Sat Dec 02 23:42:05 +0000 2017,@AppleSupport correct
860805,Mon Oct 09 17:26:52 +0000 2017,"@AppleSupport Also, when I am on facetime and take a live picture they still dont show up."
768237,Sat Oct 07 10:50:53 +0000 2017,Soy yo o la última actualización de iOS afectó la velocidad del AppStore? 😕 @AppleSupport
2772634,Mon Nov 27 00:24:44 +0000 2017,"@AppleSupport my daughters iPhone 6s is stuck in headphone mode. I’ve turned it off and back on, it’s not in do not disturb mode... please help"
374807,Mon Oct 09 01:19:59 +0000 2017,@AppleSupport For than 5 times a day every day since I updated to IOS 11
488002,Fri Dec 01 16:09:08 +0000 2017,@AppleSupport 11.1.2 IPhone 6+
1743488,Tue Nov 07 06:01:34 +0000 2017,Anyone else? @115858 @AppleSupport fix this! It’s pretty annoying. https://t.co/DoQsPO5Gjr
2617034,Sun Nov 26 21:20:30 +0000 2017,So my friend lost all their contacts and pictures and everything on #iphone cos password forgotten and it's encrypted. What should they do? @AppleSupport.
2304862,Sun Nov 12 19:09:51 +0000 2017,@318 @115858 HOW DO I️ FIX MY PHONES THING SO THAT MY “I” DOESNT COME UP WEIRD ANYMORE?
2298310,Sun Nov 12 05:56:45 +0000 2017,What’s going on w/ this glitch @115858 @AppleSupport autocorrect? This is so annoying 😂🤣
2330946,Fri Oct 20 00:49:42 +0000 2017,@AppleSupport why is “other” category using half the storage? #support #apple #ipad #ios11 https://t.co/3mE1l3vraF
40448,Wed Nov 01 15:39:52 +0000 2017,@AppleSupport iOS 11.1. To open twitter i had to restart the phone again the screen just froze when j clicked☹️
2143350,Wed Nov 08 22:56:12 +0000 2017,WTH is this when I start my computer? 🙀 @AppleSupport https://t.co/ZooJmxB0eZ
1953766,Sun Oct 29 17:15:52 +0000 2017,"Ok..All together ..... IOS 11.0.3 #sucks! Please @115858 , fix this mess you’ve created. Did you not even test it before it was forced on us?"
2020549,Sun Nov 05 00:03:07 +0000 2017,@115858 can y’all this “I️” shit
2837120,Tue Nov 28 08:48:06 +0000 2017,@AppleSupport @789647 My screen is still crazy and unresponsive.. any help?
2890981,Tue Nov 14 00:50:12 +0000 2017,"My phone keep bugging, restarting itself. Then deleted all my pictures and brought it back, and now all iMessages are gone like @115858 whats really good b ! 😡😡 @AppleSupport"
898617,Tue Nov 07 23:58:54 +0000 2017,@AppleSupport Left the system up on the locked screen and it somehow kicked out. Will advise if it happens again. Thanks!
2110831,Fri Nov 17 18:40:19 +0000 2017,@AppleSupport Everything is as it should be
842543,Sun Oct 15 17:54:17 +0000 2017,@AppleSupport my phone is so much slower since the ios11 update when will it speed up again. Very frustrating.
2427372,Tue Nov 14 19:21:54 +0000 2017,@AppleSupport I’ve tried all of these and they don’t work!! Today I’ve done two 20min walks on activity. Plus at least about 20mins walking on top of that. And I’m still only show 28 active minutes!!!
326407,Sat Oct 07 13:40:30 +0000 2017,@115858 Loved my iPhone 7 until I downloaded iOS 11. Worst battery drain ever. #DoBetter
1935939,Fri Oct 27 19:07:40 +0000 2017,"@AppleSupport Upgrading to High Sierra basically messed up my system. Install failed and now, internet recovery has been failing for 2 days😠"
603266,Sun Dec 03 22:11:35 +0000 2017,@AppleSupport my friend lost his iPhone today. Any ways to track the location?!?! #HelpNeeded @115858 @115858
2113798,Wed Nov 08 15:11:28 +0000 2017,Hey @115858 y’all plan on fixing this cuz it’s annoying af https://t.co/66JaJXZ8uF
745136,Wed Oct 11 16:25:41 +0000 2017,@AppleSupport Just replied 👍🏻
1950497,Wed Oct 18 16:09:51 +0000 2017,@AppleSupport iPhone 6 is getting  hang again and again after installation  of ios 11.0.2 pls help
541163,Sat Dec 02 06:16:35 +0000 2017,@AppleSupport why does my iPhone keep restarting its self every 30 seconds - 1 minute!!
656313,Wed Nov 22 22:15:37 +0000 2017,@AppleSupport hi. I've just opened my refurb Macbook Pro 2017 and it's not charging. It's been about 20 minutes and it's just flashing a red battery icon and not showing me anything else on the screen 😧
2376045,Tue Nov 14 03:14:46 +0000 2017,@AppleSupport Yes. Have tried different cables and outlets. Our iPhones are still charging with all of them.
2306195,Mon Nov 13 02:54:42 +0000 2017,@AppleSupport It seems to have fixed the issue. Props for the quick customer service
1170166,Tue Oct 24 19:04:58 +0000 2017,@116333 https://t.co/71K0T4Okgd
1482979,Fri Nov 03 01:52:17 +0000 2017,@115858 @AppleSupport answers are needed
2041515,Wed Nov 08 02:36:13 +0000 2017,So annoying!!! I️ wish @115858 would fix this! https://t.co/y3fCel89sb
2041648,Wed Nov 08 01:45:22 +0000 2017,Yo @AppleSupport when are you gonna fix this buggy ass iOS we got running? Shit is so trash I️ might convert to android
2774315,Tue Nov 21 17:36:57 +0000 2017,"@AppleSupport Yeah, I did that. However, the map was not edited to reflect my (correct) feedback. How do I make sure the map does get changed?"
1807786,Sat Oct 14 07:58:30 +0000 2017,@146956 @115858 #iOS app shows different fonts. Pls fix it and thank me for the suggestions :) https://t.co/1pl6fpyfNs
1473323,Fri Nov 03 00:46:21 +0000 2017,@AppleSupport what’s going on with the letter (I️)??????
53016,Wed Nov 01 18:05:13 +0000 2017,@115858 my iPhone is broken. I is a question mark in a box
2577090,Thu Nov 16 21:19:48 +0000 2017,"@AppleSupport Ever since I've updated to IOS 11, It's battery has been draining really fast and it charges really slowly. I'm using the IPhone 7."
1120604,Sun Oct 15 05:11:57 +0000 2017,@AppleSupport nothing has changd evn aftr 11.0.3 update ... Continuous battery drainage and random shutdowns have increased even more
2856752,Mon Nov 27 21:34:53 +0000 2017,@115858 I updated to the new high sierra software and my mac mini now wont load up. Keeps restarting on this screen https://t.co/bxs1UaDfMI
1865227,Fri Oct 20 15:31:10 +0000 2017,@AppleSupport the new update sucks my notifications and banners now aren’t working on some apps and my phone keeps crashing 😑😑😑
741665,Sun Oct 15 17:46:07 +0000 2017,@AppleSupport Nope. Just the twitter app. Started happening when twitter discontinued their watch app.
995138,Thu Oct 12 02:14:31 +0000 2017,@AppleSupport hi! I have stains on my MacBook Pro 13 screen. but my warranty has expired since February. Can u help me
847705,Mon Oct 09 06:27:14 +0000 2017,"@116333 
Many glitches in ios 11 my iPhone was dying in 85 minutes. Can’t ur team fix this issue."
449531,Fri Dec 01 07:53:20 +0000 2017,@AppleSupport Need this phone for work is it worth taking into the phone store? Because iTunes clearly doesn't work
1379600,Mon Oct 16 16:39:22 +0000 2017,@AppleSupport Couldn't be updated so needs to be restored but just as it's finished extracting software it says it can't be done
1682457,Mon Nov 06 14:38:31 +0000 2017,Hey @115858 this keyboard bug sucks. I️ don’t like it
707466,Tue Oct 10 18:42:26 +0000 2017,my phone has been dying on 40% recently so....wtf is good @115858
1588812,Sat Nov 04 19:14:42 +0000 2017,dear @115858 my phone keeps correcting i to i️ and my music stops playing every 5 seconds fix this shit
2798459,Tue Nov 21 22:57:12 +0000 2017,Ok I️ try and keep my bool about @115858 updating our phones but why the fuck can’t we type the letter I WITH OUT SEEING “?”
2833086,Mon Nov 27 06:09:00 +0000 2017,Computer issues when you have assignments due are the worse complete shit. @115858 my MacBook can't be that old to be having these kind of issues 😡
1744811,Tue Nov 07 06:43:42 +0000 2017,@AppleSupport I️ (what is that every time i* press the letter i* by itself it pops up as I️) also I’m not the only one plz help thx 🧞‍♂️
1852034,Wed Oct 18 22:50:22 +0000 2017,@AppleSupport why is my safari forcefully closing on my phone ? :(
2770789,Tue Nov 21 04:43:57 +0000 2017,"Soooo, are we just going to sit here and ignore the fact that it’s been a couple of weeks now since this I️ I’m @115858 error started?? 🤔"
1363855,Fri Oct 27 19:42:08 +0000 2017,@115858 what’s wrong with the new 11.0.3 update? The battery %age is falling like the water drops. #AppleSupport
2595549,Fri Nov 17 02:35:26 +0000 2017,"@AppleSupport setting up a replacement iPhone and your verification put it in a different state, should I just accept it? Why include that info if it's so wrong?"
1864636,Fri Oct 20 13:35:00 +0000 2017,@AppleSupport why does SPTM always appear like it starts a 0 the last couple of days? https://t.co/JDEKDaUof8
1150277,Mon Oct 16 01:37:37 +0000 2017,@AppleSupport missing from iMessage. Not just iOS either. Messages isn’t playing nice with https://t.co/a6B9V8t37W. Mail works...I guess that’s a win!
2067795,Sun Oct 08 05:44:23 +0000 2017,@AppleSupport can y’all address the bugs in this new update? Cus my iPhone 7 that I’ve had since March starts acting up all of a sudden??
963349,Sat Oct 14 01:45:03 +0000 2017,@AppleSupport could you please sort out the music app crashing every hour? So annoying now 😡😩
2349432,Mon Nov 13 16:10:47 +0000 2017,"@AppleSupport  my phone almost hanging i cant use , i up date the soft wear from the i tunes 👎🏼👎🏼👎🏼 https://t.co/pCPZrXtYp6"
903730,Fri Nov 10 14:22:50 +0000 2017,Never had @917 issues until @115858 recent 11.1.1 update. @AppleSupport get this fixed please!
1776875,Tue Nov 07 23:16:55 +0000 2017,@AppleSupport are the servers down? No iPhone will update today https://t.co/AdYmKpdQHN
2894743,Tue Nov 28 16:06:52 +0000 2017,"@AppleSupport It happens regardless of devices being attached. It happens across all the of the apps I'm running: Mail, Preview, Chrome, Word, Excel. It happens even if only one app is running."
2557445,Thu Nov 16 14:01:32 +0000 2017,"@115858 I found my way to this screen with no way out without restarting and definitely no reinstall of my root volume. It's kind of amazingly bad UX, @115858. How? https://t.co/s9HgNUfsbK"
1857307,Thu Oct 19 05:35:59 +0000 2017,Why did @115858 break saving pdfs from safari in ios 11? So frustrated with some of these changes.
1714125,Tue Nov 07 02:15:24 +0000 2017,No se están descargando las actualizaciones en #iOS11 @115858 @AppleSupport
2138245,Wed Nov 08 18:01:44 +0000 2017,I have the newest iPhone update but some emojis only show the question mark like my phone doesn’t support it???? @AppleSupport
1566897,Sat Nov 04 07:14:30 +0000 2017,@AppleSupport I can’t disable it as hard as I try. This is really frustrating.
1449288,Mon Oct 16 19:57:43 +0000 2017,"@AppleSupport Ahh, y’all might be onto something. Haven’t been able to make adjustments for months. Forgotten pass. Where do I go? https://t.co/bYy8q4Vq5Y"
2734383,Mon Nov 20 19:26:26 +0000 2017,"I went to get my iMac fixed at the @115858 store (for the 4th time in a 1 month period) because it was having ongoing issues. They said they could update the OS from Sierra to High Sierra while it was getting fixed. I said yes, and we had an agreement they would do it... [Thread]"
1852315,Thu Oct 19 01:07:26 +0000 2017,"Hey @AppleSupport  ever since update to the newest iPhone OS, airdrop won’t work.  Way to go! #fixit"
1726203,Tue Nov 07 03:19:20 +0000 2017,@AppleSupport Fix my now practically useless phone!
583581,Sun Dec 03 06:27:59 +0000 2017,"@AppleSupport My AirPods don't consistently play/pause when I'm listening to podcasts, but seem to work fine for music. Should I return them for a new pair since I've had them for less than 30 days?"
2005653,Sat Nov 04 01:24:09 +0000 2017,@AppleSupport fun idea: making it where my phone doesn’t crash or freeze every 2 seconds and force a hard reset.
1993575,Fri Nov 03 04:53:01 +0000 2017,@AppleSupport fix it !
2476059,Wed Nov 15 06:29:31 +0000 2017,SOS @115858 fix my phone
2177409,Thu Nov 09 15:22:21 +0000 2017,@116333 Please get the iOS 11 “I”-bug fixed. #Apple
1658702,Mon Nov 06 02:56:28 +0000 2017,"Dear apple, fix the problem with the i’s because I’m annoyed. Thank you @115858"
2852254,Mon Nov 27 20:38:54 +0000 2017,"@AppleSupport For around 10-15 mins 
I have enough space left on my phone so.."
1680805,Mon Nov 06 11:37:20 +0000 2017,@AppleSupport Hi! Can you confirm when the phone upgrade plan will be available again?? Thanks.
536628,Sat Dec 02 12:51:23 +0000 2017,"Umm... @AppleSupport I woke up to my phone doing this every few seconds, not minutes. I tried a hard reset and it didn't help. Ideas? https://t.co/CSR42PzezB"
2852282,Mon Nov 27 19:45:34 +0000 2017,"I️ I️ I️ I️ I️ I️ I️ I️ I️ I️ I️ I️ I️ I️ I️ I️ I️ I️ I️ I️ I️ I️
Can we fix this @115858"
938107,Sat Oct 21 15:45:06 +0000 2017,@AppleSupport Also speaker 🔊 volume when on phone is super low now since updating to iOS 11 . Please fix !
1182504,Tue Oct 24 22:29:23 +0000 2017,@AppleSupport I cracked my iPhone 7 and can’t see the screen. I backed it up and it said it was corrupt or not compatible w my new iphone 7
1757736,Tue Nov 07 17:17:54 +0000 2017,"Don't understand how this has not been fixed yet, @115858 ...
iPhone bug frustrates users typing 'i' https://t.co/pRVoaociaD via @529194"
105440,Thu Nov 30 18:17:18 +0000 2017,@AppleSupport 4 days ago.
1281100,Tue Oct 17 16:43:27 +0000 2017,@AppleSupport Thankyou. Issue solved!!!! 🤗
2725965,Mon Nov 20 04:19:05 +0000 2017,@AppleSupport who makes your MacBook batteries? @1647 ? https://t.co/hisoejywnU
2488729,Wed Nov 15 15:28:40 +0000 2017,my iphone was shit anyway but it's gone like double shit over night wtf is going on @115858 ?¿
1772579,Wed Nov 08 01:36:11 +0000 2017,@AppleSupport why is the ? With a box surrounding it keep auto correcting on my new iPhone?
2434248,Sun Oct 29 09:22:36 +0000 2017,@AppleSupport 11.0.3 yazılım güncellemesinden sonra şarjım çok çabuk bitmeye başladı. Bir çözüm bulacak mısınız ?
2116306,Wed Nov 08 05:01:12 +0000 2017,Fuck you @115858 and your stupid glitch
2555303,Thu Nov 16 13:36:57 +0000 2017,"Still can’t get into iCloud. Still no contacts , still no apps ... ugh 😑 people probably think I’m avoiding them. I really dislike  @AppleSupport right now. Worst part is that when you call apple support the advisors are Uber rude 😡"
955063,Sat Oct 21 21:32:09 +0000 2017,"@AppleSupport Thanks, I’m on version 11.0.3"
1643279,Sun Nov 05 22:44:59 +0000 2017,@AppleSupport How do I allow no password for already purchased apps but require a password for any new apps (even free) in the App Store?
819550,Thu Oct 12 21:35:43 +0000 2017,I HATE how in the new update there is no way to turn off auto-brightness @AppleSupport. ITS SO ANNOYING !!
1999309,Thu Nov 02 18:31:53 +0000 2017,@591156 @AppleSupport why is our phone doing that ??
125786,Fri Nov 24 03:20:15 +0000 2017,"@AppleSupport No, these are all the options in the general spot. Siri settings also do not appear in search. https://t.co/MPmatsc320"
707458,Tue Oct 10 16:26:44 +0000 2017,@AppleSupport my phone keeps shutting off amd i just bought my new iphone 7plus.
2920022,Wed Nov 29 00:55:18 +0000 2017,Just finished working out and realized my wrist is tender.....my Apple Watch burned me! Ugh I don't think this is normal?!?! #Apple #AppleWatch #burn  #notnormal @115858 @AppleSupport https://t.co/FU8EQ87VfO
1926213,Fri Oct 27 09:52:15 +0000 2017,@AppleSupport How can I change ?the state I can not change https://t.co/6yCsTvB0uP
1930605,Sat Oct 28 07:14:54 +0000 2017,@AppleSupport Gonna have to wait like 5 weeks... Just because of this stupid bug...
8302,Sun Nov 05 20:24:22 +0000 2017,Every time I watch a live broadcast or video it skips or repeats a few seconds since updating @AppleSupport https://t.co/ufl7yqidmb
1758719,Tue Nov 07 17:58:04 +0000 2017,@529417 Smh @115858 get your shit straight
2948244,Wed Nov 29 16:14:02 +0000 2017,"@AppleSupport Upgraded my iOS to find out that when I need to update apps, you’re directing me towards payment FIRST?! The APPS I’m upgrading are FREE! #Idiots #Shady #BadBusiness #NotFuckingHappy"
1265257,Thu Oct 26 19:13:24 +0000 2017,@AppleSupport Apple Watch 2 and iPhone 7 btw
720896,Wed Oct 11 23:31:22 +0000 2017,"@AppleSupport Individually, yes affects multiple WiFi networks. (work and at home)"
741760,Fri Oct 06 20:11:46 +0000 2017,"@AppleSupport: it’s impossible to delete songs from my library, and when I try to delete, iTunes crash, every time."
2402123,Tue Nov 14 20:16:38 +0000 2017,"@AppleSupport I was doing it all through the phone, no iTunes or computers were involved. So the second situation, it couldn’t find the iCloud backup"
1776381,Tue Oct 17 23:27:40 +0000 2017,@AppleSupport My screen stops working at least once a day and I have to hard reset. Pics won’t send. Everything is slower. It’s absolutely terrible. https://t.co/eb6pt4QOCl
1619357,Mon Nov 06 10:37:11 +0000 2017,@120640 Disappointed! website provides an option to reserve phone @9150 am.ive been waking up everyday @9150 but the option gets diabled in &lt;2 min :((((
2775965,Tue Nov 21 14:19:57 +0000 2017,How do you screen shot on the x ? 🤨 @115858 help thanks
2255307,Fri Nov 10 22:20:09 +0000 2017,@115858 tells me my iPhone battery is fine yet I can’t go more than 2 hours without charging...
1449237,Thu Nov 02 18:03:48 +0000 2017,@AppleSupport Thanks. I’ve looked at that but I don’t have the start sharing with friends option.
1637810,Sun Nov 05 15:18:17 +0000 2017,"@AppleSupport I️ I️ I️ I️ I️ I️ I️ I️ I️ I️ I️ I️ I️ I️ I️ I️ I️ I️ I️ I️ I️ I️ I️

Fix this"
2017258,Sun Nov 05 18:27:56 +0000 2017,@AppleSupport Airdrop isnt working on my iPhone X. Please check my topic and HELP ! https://t.co/DgF38COJw6 https://t.co/TBpTbomovq
2301935,Sun Nov 12 15:24:17 +0000 2017,@115858 fix the update I’m tired of restarting my phone 5 times a day
1066788,Fri Oct 27 14:15:40 +0000 2017,@AppleSupport No Issues ...the malfunctioning phone got replaced with the new one .. I Love apple support :)
2964487,Wed Nov 15 08:57:51 +0000 2017,"@AppleSupport when will iPhone freezing be fixed? It’s happened since iOS 11, on mine and my friends phones and app’s stop working."
1680906,Mon Nov 06 10:53:19 +0000 2017,@AppleSupport do you have an email address to make a complaint to? About a London store.
2512302,Wed Nov 15 23:31:16 +0000 2017,@AppleSupport Thanks. Just (hopefully) sorted the issue via Apple chat. :-)
243266,Thu Oct 05 16:16:10 +0000 2017,@AppleSupport Phone is slower and crashes all the time. I have a 6S Plus and should be able to run 11.
1683378,Mon Nov 06 14:40:50 +0000 2017,@AppleSupport any plans on fixing this? https://t.co/qi3QMWKEuQ
559057,Sat Dec 02 23:07:42 +0000 2017,"@AppleSupport No i didn’t but i will now, thanks💕"
1273600,Thu Oct 26 16:46:18 +0000 2017,@AppleSupport Voice is not clear on phone. Even though volume is max it is still low.
1168441,Fri Oct 13 22:45:44 +0000 2017,"@AppleSupport updated to iOS 11 and having nothing but problems , everything has slowed down or just bugs out 😖😡"
2145644,Wed Nov 08 22:30:06 +0000 2017,my phone has done nothing but glitch @115858 fix it
2841981,Mon Nov 27 16:49:13 +0000 2017,@AppleSupport I rented a movie last night but it didn’t seem to use my rental credit - what’s going on there?
1574375,Sat Nov 04 04:17:56 +0000 2017,WHAT IS WRONG WITH MY PHONE HELPPPP @AppleSupport
852578,Mon Oct 09 09:34:20 +0000 2017,"Top iOS update, erased all my @115948 downloads! 😡 @AppleSupport any help?"
854563,Fri Oct 20 04:49:51 +0000 2017,Hey @AppleSupport why do custom lyrics added in iTunes not survive syncs to iOS devices?
90251,Thu Nov 30 12:10:34 +0000 2017,@AppleSupport I’m still having major battery issues since downloading 11.0.3 despite 3 trips to an Apple store and a complete reset done by the store. When is this software issue going to be resolved?
637476,Wed Nov 22 19:22:37 +0000 2017,@AppleSupport help! New iPhone X restored from iCloud and this is popping up all the time. No specific trigger. Just randomly here and there. Can you suggest a fix? https://t.co/e27eJ1RC58
694502,Thu Nov 23 17:17:51 +0000 2017,@AppleSupport It’s just not showing in the “recently playing” area.
652938,Wed Nov 22 21:15:02 +0000 2017,Could someone possibly tell me how I can email a complaint to @AppleSupport? Thanks
228297,Wed Oct 11 05:18:43 +0000 2017,Okay @115858 this is it… Switching back to Chrome. Safari no longer usable after the High Sierra update.
2015971,Sun Nov 05 17:13:39 +0000 2017,@115858 wtf is goin on with these unicodes replacing my letters #wtf I️ I️ I️ I️
254689,Thu Oct 05 17:23:08 +0000 2017,@AppleSupport I am using a USB to connect. It worked perfectly over a week ago before I updated iOS.
2284674,Sat Nov 11 06:43:56 +0000 2017,@115858 so this just happened on my flight. And it’s still working. #fixit #applewatch #flightattendantdown #whyme #hellofaday https://t.co/nNGsz3H3ar
1088818,Mon Oct 23 18:58:26 +0000 2017,@115858. Been a loyal customer since iPhone 4. Own’d every iPhone and iPad since then. Look me up: __email__. Techs gave bs excuse why they can’t fix pb2 headphones;  owned for 6mos!
1702098,Mon Nov 06 19:54:24 +0000 2017,Bro wtf?!! @115858 fix I️t now!
592259,Sun Dec 03 16:33:30 +0000 2017,Comprar um Iphone X 256 e já ter problemas na tela 😡😫😢. @AppleSupport @115858 https://t.co/wxetHuUt5x
1328645,Fri Oct 27 03:34:15 +0000 2017,@AppleSupport Do you guys really sabotage later models of phones to encourage new sales? I'd hate to think my phone slowing was planned.
2544012,Thu Nov 16 04:30:47 +0000 2017,Hello? Anyone out there...?! @115858 @AppleSupport @122427 https://t.co/aj6l6rjZiZ
2675433,Tue Oct 31 06:10:21 +0000 2017,"Downloaded ios 11 and lost all of my 2,000+ pics. So angry 😡 Sos @115858 @AppleSupport #ios11"
905825,Tue Oct 10 07:05:56 +0000 2017,"#watchOS4 is slowing down my #AppleWatchSeries2 significantly-it takes forever just to load the music app! @115858, fix it already! https://t.co/RgZl0cb7KH"
1810052,Wed Oct 18 02:01:27 +0000 2017,@AppleSupport @543788 Can you tell me why everything lags on my phone now after the update?
2255455,Fri Nov 10 16:18:18 +0000 2017,@115858 FIX YOUR IPHONES! WHY THE HELL DO I️ HAVE AN I️ QUESTION MARK BOX???
1677033,Mon Nov 06 06:25:50 +0000 2017,Yo @AppleSupport this new update sucks. Fix it
2299372,Sun Nov 12 09:14:43 +0000 2017,"hey @115858, I did the update and the A ? still isn’t fixed."
620191,Wed Nov 22 14:05:44 +0000 2017,@AppleSupport I am beyond disappointed with this iOS 11 update. My phone crashes every 30 mins
616308,Wed Oct 04 15:09:15 +0000 2017,"@AppleSupport iPhone 6s, however I rebooted my phone &amp; it’s back 2 normal now. Thanx 4 replying though"
1973539,Sun Oct 29 23:10:23 +0000 2017,@115858 Apple u wld b my hero if u can help me. Pre-Ordered iPhone X yesterday. 5-6 week delivery. iPhone 6+ died today horrible timing. HELP! DM ME
855642,Mon Oct 09 12:30:06 +0000 2017,@AppleSupport Since I updated my phone to latest iOS screen refuses to unlock regularly &amp; touchscreen is temperamental. Was fine before 😬
1066766,Mon Oct 23 14:15:16 +0000 2017,Thanks @115858 for your terrible update. Nothing on my phone is working. At least the battery drains immediately now!
2305971,Mon Nov 13 00:03:35 +0000 2017,@AppleSupport Same case I’ve had on it since I bought it two years ago. And front facing camera is the only way I can get it to stop. Nothing extra on the phone
2054505,Thu Oct 05 06:18:01 +0000 2017,YO WTF @AppleSupport WHY Won’t my phone download apps??!!?!
2002873,Fri Nov 03 19:07:21 +0000 2017,@AppleSupport can you explain the problem I’m having with the letter I️?
2545501,Thu Nov 16 06:25:01 +0000 2017,@AppleSupport any chance to resolve and answer on my problem/question?
6896,Sun Oct 29 17:46:31 +0000 2017,@AppleSupport Next iOS update please give us option to add Back Air drop &amp; night shift to Control Center
1943289,Mon Oct 30 02:09:39 +0000 2017,Every time I type the letter “i” it changes to symbols. Why is that happening @AppleSupport @115858 @34759
1612699,Sun Nov 26 03:40:15 +0000 2017,My iPhone 8+ didn’t come with headphones or a converter dongle... @115858 wtf?!
2372194,Tue Nov 14 00:57:49 +0000 2017,"@AppleSupport hey guys, I’m unable to sign in to iCloud from any device, getting server errors and have tried different wifi/data. Any ideas?"
1332741,Fri Oct 27 16:58:54 +0000 2017,@AppleSupport Yes after restarting this bug went. Imessage is hanging a lot.
1392076,Sat Oct 28 04:16:05 +0000 2017,@115858 needs 2 fix their shit. Stop creating major upd8s if they suck ass. 1/2
568386,Sun Dec 03 02:33:49 +0000 2017,@AppleSupport I just got my iPhone X and noticing inconsistency with the app &amp; web passwords function in settings. After putting the .com in the website line and other info “done” does not highlight until I take the m out of .com
2014261,Sun Nov 05 11:38:44 +0000 2017,There is no gap between date and time. @AppleSupport https://t.co/Pt6rX0jzNe
1126780,Sat Oct 14 13:51:37 +0000 2017,"Since updating to iOS 11, my iPhone battery has about as much fight as my football team...and I support @44535 😡Thanks @115858 !"
1386549,Tue Oct 31 21:02:13 +0000 2017,@AppleSupport So the update is fully downloaded but my phone isn’t rebooting ??
61385,Tue Nov 21 22:03:43 +0000 2017,@AppleSupport Any ideas how to cure the rubbish battery problems please?
2476290,Wed Nov 15 05:01:19 +0000 2017,"Just wanna thank @115858  for screwing up my IPhone 7 Plus that I️ got in June, with all these updates. 🙃"
1984166,Thu Nov 02 00:19:58 +0000 2017,@AppleSupport my home button on my iPhone 7 hasn’t been acting right. I haven’t dropped it &amp; I haven’t spilled anything on it. What’s wrong
2065993,Sun Oct 08 00:20:51 +0000 2017,Oi @115858 you’re shite look at this shit I’ve gotta put up with x https://t.co/e7orIToBvr
1459845,Thu Nov 02 21:47:12 +0000 2017,"@AppleSupport I'm at a friend's house. I now think it might be something to do with her wifi because when I turned off wifi, I could do App updates."
236404,Wed Oct 04 17:28:56 +0000 2017,S/O @115858 I absolutely love when I have my phone on the charger but yet the battery is STILL going down😊
2795498,Tue Nov 21 21:36:03 +0000 2017,".@AppleSupport I’m glad you fixed the I, but can you fix the calendar next? https://t.co/cndi2XIiKl"
1449221,Thu Nov 02 15:12:47 +0000 2017,@AppleSupport I did the update last night and now emojis are displaying as question marks in boxes? Is this a known issue?
1623829,Sun Nov 05 12:06:04 +0000 2017,@115858 ummm...now getting around an hour’s battery life on my 6s post ios11.1.  Have reset etc HELP!!
2281651,Sun Nov 12 05:19:21 +0000 2017,@AppleSupport It just spins forever and does not start downloading
903311,Tue Oct 10 03:35:25 +0000 2017,@AppleSupport #iOS11Bug Toggling WiFi via Control Center only disconnects from the network;you still have to turn the radio off via Settings
1374960,Sat Oct 28 00:13:35 +0000 2017,@AppleSupport is it possible to connect the #AirPods with two #iPhone7  at the same time? #multitasking #Apple #Phone
1100883,Sat Nov 25 18:32:14 +0000 2017,@AppleSupport iPhone 6s. Software 11.1.2 . I turned off the background app refresher already. Even when charging the battery is going down consistently .
229207,Wed Oct 11 16:33:21 +0000 2017,I need to submit an bug report to @115858 in regards to their iOS 11 update. I have more infor on the podcast app not working.
208964,Wed Oct 04 19:43:45 +0000 2017,@AppleSupport Yea at first but I just did it again and it works now. Thanks
1635761,Sun Nov 05 18:40:48 +0000 2017,how iphone not gone let you use the letter “i” and this an iphone. y’all backwards @AppleSupport
2321819,Mon Nov 13 05:59:43 +0000 2017,This is stupid. The new update for iPhone came out and I can’t even install an app @115858  @AppleSupport https://t.co/Ks4d26hveQ
2487186,Wed Nov 15 15:14:55 +0000 2017,Right. Cuz these boxes are still popping up for me! @115858 wass good? https://t.co/uPfipRVPFK
2472927,Sun Nov 26 18:50:26 +0000 2017,Hey @AppleSupport it’d be lovely that my iMessage would activate. I didn’t get a new phone to have green bubbles. Yes I’m fully updated on the iOS
1786607,Wed Oct 11 15:41:29 +0000 2017,@115858 @AppleSupport upgraded to ios 11.01. Now i cannot get any new apps on my iPhone 8 plus. Will 11.02 work? Apple...Sort it out NOW!
2967874,Wed Nov 29 23:13:07 +0000 2017,"Why is it that every time I turn on my @AppleSupport iPad does it keep notifying me of old, previously notified messages?"
1367589,Fri Oct 27 21:19:38 +0000 2017,@AppleSupport my storage on my phone is messed up. It's deleted all of my messages and photos so I have nothing on my phone and still full!
1997797,Fri Nov 03 12:58:52 +0000 2017,@115858 can we stop autocorrecting I to whatever that emoji is cuz I can't see it and ?'m just so confused
464736,Fri Dec 01 03:46:05 +0000 2017,"@AppleSupport  I found my iPhone but can't get out of the ""lost mode"".  Please help."
1640247,Sun Nov 05 23:36:28 +0000 2017,"@AppleSupport My home app is installed, but all of my smart devices are gone from the app. They are available on other iPhones and iPads though."
1411618,Thu Nov 02 00:27:25 +0000 2017,@AppleSupport Is there a way to prevent Bluetooth auto turn on when I turn on a recognized device? It triggers multiple devices. Not cool.
1716672,Mon Nov 06 23:12:47 +0000 2017,GET YOUR SHIT TOGETHER APPLE AND FIX THIS I️ PROBLEM @115858
1083947,Mon Oct 23 17:13:43 +0000 2017,"@AppleSupport since updating to High Sierra, youtube videos do not play smoothly on safari anymore (they keep cutting). Thoughts?"
1533052,Fri Nov 03 16:02:54 +0000 2017,Help - is my #Apogee meta recorder app incompatible with iPhone SE ?? Cannot activate input level adjuster! @AppleSupport
851809,Fri Oct 20 13:25:03 +0000 2017,@AppleSupport since the new update my WiFi is going off on its own . What should I do?
818913,Thu Oct 12 21:21:28 +0000 2017,@115858 @AppleSupport the new IOS upgrade has so many problems!  Email rarely works. Updating apps doesn’t work.  I have the latest. 😡
2570160,Mon Oct 30 16:41:30 +0000 2017,@AppleSupport Can I get a replacement cap for my Apple Pencil if my iPad has AppleCare?
1551813,Fri Nov 03 23:43:34 +0000 2017,@115858 was finally forced to download iOS 11.1 onto my iPod 6. Suddenly my battery life has been cut short by about 80%!?!?
1147903,Tue Oct 24 13:18:03 +0000 2017,@115858 iOS 11 sucks ass. My phone is slow as shit. Fix it. Now.
877124,Fri Oct 13 20:43:34 +0000 2017,@AppleSupport Other headphones aren’t working either.
2147756,Wed Nov 08 16:51:49 +0000 2017,"I’m so sick of this I️ bug on the iPhone. @115858, please fix it?  Thank you! ❤️"
2770799,Tue Nov 21 11:21:56 +0000 2017,![?]OS - quite something not being able to use a vowel. Hell of an update here @115858
1550310,Fri Nov 03 22:56:40 +0000 2017,@AppleSupport is there anyway to do a clean install of iOS 11.1? My iPhone keeps randomly booting down after installing the update.
2058572,Sat Oct 07 01:54:45 +0000 2017,"@115858 you fucked up my phone with that iOS upgrade. I feel like I’m using an Android phone again, I’m so mad."
845573,Fri Oct 13 14:46:50 +0000 2017,"@AppleSupport When I type and try to use the PT, it either has a lag time (maybe w/ the keyboard) &amp; then it predicts crazy options - sometimes non-English"
2572059,Thu Nov 16 18:56:53 +0000 2017,"@AppleSupport is your chat support down? I've been waiting ""about 5 minutes"" for almost an hour. case ID 100352547851"
556093,Sat Dec 02 19:40:29 +0000 2017,@AppleSupport where’s the #ApplePayCash at? Updated to 11.2 and it’s nowhere to be found.
1684336,Mon Nov 06 12:40:11 +0000 2017,Fix our keyboards!!! @AppleSupport https://t.co/RdRb4SFB3i
1767468,Tue Nov 07 21:15:40 +0000 2017,"@115858 Sigh, 3 days to replace a Macbook Pro Power Adapter.  I thought going Apple was suppose to up the Customer Service Game."
414967,Sat Oct 07 15:26:27 +0000 2017,"@AppleSupport 
What is WRONG with latest update 11.02? 3 iphones in family, all 3 had probs but am having to factory restore hubbys... 😡"
2728268,Mon Nov 20 08:27:12 +0000 2017,"iPhone keeps freezing and crashing lately, and now it appears to crash everytime the alarm goes off. @115858 ya'll lucky I'm in the late shift today. Anyone else having this problem?"
1924821,Thu Nov 16 11:14:10 +0000 2017,"@AppleSupport I have a iPhone7(128GB),purchased before 8 months,now all of sudden its not able to boot and went in restarting mode.Please help. @115858"
1742527,Tue Nov 07 13:00:31 +0000 2017,@AppleSupport I’m having an issue where whenever I️ type I️ those dang question marks! Ugh
2888465,Tue Nov 28 04:47:22 +0000 2017,alright @115858 whatever was in the latest patch made my year old iphone even clunkier...if you think it will make me buy a new iphone you are sorely mistaken! #FixItAlready #IOS11SucksAss
2422517,Tue Nov 14 18:02:57 +0000 2017,@AppleSupport Using the instructions at https://t.co/oiirI0WMYJ I do not see a “Purchase History” button. How do I see my purchase history without using iTunes? I have tried signing out and back in already. https://t.co/TpGmEiXvtO
2555305,Thu Nov 16 13:44:16 +0000 2017,@AppleSupport My iPhone 6s is fucking useless after the latest iOS update. Thanks
867498,Fri Oct 20 20:58:22 +0000 2017,@AppleSupport Can you give me that email address? I don't see it on the FAQ page.
610285,Wed Oct 04 05:44:19 +0000 2017,"@AppleSupport, iOS 11 has caused my 2016 iPad Pro terrible trouble. I can’t connect to home wifi AND it is slow to download and install apps"
2780633,Tue Nov 21 16:43:43 +0000 2017,@AppleSupport It started dramatically with iOS 11.1.1
2752699,Tue Nov 21 00:44:47 +0000 2017,@115858 @AppleSupport Give us the ability to make the lowest brightness even more dim than it already is. And also make night shift more effective. Thanks
252901,Thu Oct 05 16:35:43 +0000 2017,@115858 I would appreciate it if you made fucking updates that don’t fuck up my phone so I can barely use it
2303690,Sun Nov 12 17:15:35 +0000 2017,@AppleSupport I have an old MacBook Air and I'm trying to update the OS but each time I input the username and password it asks for a code. I get the code but there is no where to input it.
2966596,Wed Nov 29 22:49:44 +0000 2017,@AppleSupport What is going on with iMessage and FaceTime? They’re not working on my iPad
2001862,Fri Nov 03 16:53:25 +0000 2017,So @115858 why this ? Mark box pop up every time I️ type I making me mad!!!!!!!!!!!!!!!!!!!!!!!!!!
1473363,Fri Nov 03 00:40:43 +0000 2017,Hey @115858 this new update is sick! The way it kills my battery and slows my phone down like never before. What a time to be alive.
2000542,Thu Nov 02 22:44:28 +0000 2017,hi @AppleSupport i️ i️ i️ i️ i️ i️
2299342,Sun Nov 12 09:42:21 +0000 2017,böyle hayatın vaziyetine tüküriyim @AppleSupport emeklerim gitti
242787,Wed Oct 04 07:43:17 +0000 2017,"@AppleSupport my storage just like this, can’t see the details. https://t.co/2ZrXD66yXH"
2397963,Tue Nov 14 05:13:32 +0000 2017,@AppleSupport how do I fix this? I’m in Bandar Seri Begawan yet the times are off by a minute. https://t.co/ngwpC4zERd
1833646,Wed Oct 18 06:06:38 +0000 2017,"@AppleSupport IOS 11.0.3 has to be the worst thing ever. Phone going on and off by itself. It's horrific on 6S, it needs to be sorted ASAP"
2442739,Tue Nov 14 23:53:50 +0000 2017,@AppleSupport Ever since the new update it’s going so slow and taking forever to close out of apps and freezing it’s just having a slow reaction time and it’s not just me
2771898,Tue Nov 21 05:02:31 +0000 2017,@115858 @AppleSupport @118721 I’ve been using the new iTunes for the last 2 weeks &amp; still have NO IDEA how it works! Can’t find podcasts I’ve subscribed to. Can’t find updated podcast. Looking for alternative now. @5270 maybe? #ios11 #apple #disappointed
2093825,Wed Nov 08 03:03:38 +0000 2017,@115858 eye would like you to fix the eye problem please
2308003,Mon Nov 13 01:05:23 +0000 2017,"@115858 why is the bug in my predictions, don’t put that evil on me https://t.co/yRqztWKi2B"
1326024,Mon Oct 16 03:29:12 +0000 2017,How the fuck I just pick up my phone and all my pictures and shit gone and I still have no space...please fucking tell me @115858
1814311,Sun Oct 15 21:37:28 +0000 2017,"6 system crashes and reboots within one day after updating my iphone6 to new iOS 11.0.03, enough is enough, …thanks @AppleSupport @115858"
1896351,Tue Oct 24 13:24:08 +0000 2017,Yo @AppleSupport https://t.co/bNklKrd7Lr
294910,Fri Oct 06 18:05:16 +0000 2017,"@AppleSupport Also the keyboard has issues, is frozen all the time..."
1803097,Fri Oct 13 13:29:23 +0000 2017,@115858 iOS 11 is so buggy https://t.co/cD1ttrVbXF
1453033,Thu Nov 02 16:20:55 +0000 2017,@115858 ios11.1 needs repairs My iPhone 6 suddenly blocks out and iD extremelly slow to open applications
1168451,Sun Oct 15 09:43:34 +0000 2017,@AppleSupport Battery was on 59% phone hot plugged in 2 mins later battery on 78%??????
2403764,Tue Nov 14 07:14:54 +0000 2017,@AppleSupport run this up to your developers on the iPhone X if the phone freezes after but dialing someone at 1AM just eject the SIM car. Cuz holding the damn power button doesn’t do it. The power button can’t do its job now? No it’s a puzzle to try and shut the phone off.
1145196,Sun Oct 15 15:59:36 +0000 2017,@AppleSupport Just launching Photos app. I created new System Photo Library and sync photos again and it seems to work fine now.
1442420,Thu Nov 02 04:04:30 +0000 2017,@AppleSupport hi apple support my ipad’s camera is fogging up whenever I focus on bright objects
988411,Sun Oct 22 03:17:30 +0000 2017,.@115858 my iPad and iPhone keep freezing up. What could the issue be?  Software is up to date.  A virus maybe?
2295920,Sun Nov 12 19:33:38 +0000 2017,@115858 @ATT One of y’all finna catch this fade unless y’all fix my phone 😤
1998269,Fri Nov 03 13:54:43 +0000 2017,"I don’t usually complain on Twitter, but when I do, it’s about @115858’s   godforsaken Touch Bar. It never ceases to infuriate."
1714717,Tue Oct 17 21:28:45 +0000 2017,@AppleSupport I have 4.0 installed and it is the series 1 watch. It’s not even 1 year old.
1897984,Mon Oct 23 16:56:59 +0000 2017,More bugs in the new #ios11! Notification drop down is a mess!also you can't clear notifications as x is missing @AppleSupport @115858
2042680,Wed Oct 04 12:23:24 +0000 2017,"@116333 @115858 iPhone battery at 100% 20 minutes ago, then 5 minutes later, 43%, 15 minutes later have to plug back at 4% #WTF #iOS11Fail"
543732,Sat Dec 02 08:16:22 +0000 2017,".@AppleSupport My iPhone SE and my friends iPhone 6 running #ios11 keep crashing. Apps wont start or close randomly, losing all progress."
2652625,Sun Nov 19 01:43:25 +0000 2017,@AppleSupport can I make a repair reservation for my MacBook online?
570178,Sun Dec 03 03:19:04 +0000 2017,"@AppleSupport Its over! 
Thank you so much for your great support."
1721855,Tue Oct 17 18:28:05 +0000 2017,The update done fucked my phone up @115858
11657,Wed Nov 01 00:54:23 +0000 2017,@AppleSupport Ios 11.1 software update needs to be fixed
486118,Sat Dec 02 01:32:48 +0000 2017,@AppleSupport I have no apps installed. And it happenes in dark settings/rooms more than bright
2558679,Thu Nov 16 15:35:13 +0000 2017,I wanna screen mirror on the iPad Pro. Work that out. @115858 @AppleSupport
857954,Fri Oct 20 15:39:50 +0000 2017,@115858 y’all better stop playing with me! My phone tripping and I’m not buying the 8 or the X.. So get it together!
1900133,Wed Oct 18 15:01:54 +0000 2017,@AppleSupport  https://t.co/nuC61XtCYV
2038191,Thu Oct 05 02:17:29 +0000 2017,@115858 needs to get their shit together. This update has got my phone glitchy af and literally unable to use some apps.
2467260,Sun Oct 29 20:52:40 +0000 2017,@AppleSupport So this feature is not available in Russia: https://t.co/7ynYVwNm8j
612965,Sun Nov 12 15:40:52 +0000 2017,@AppleSupport That update screwed up my iPhone 8plus! It won’t stop shutting off 🤬
1757888,Tue Nov 07 17:11:50 +0000 2017,Cmon @115858 let’s fix this I️ glitch
1910229,Tue Oct 24 21:43:31 +0000 2017,my phone has gotten significantly worst since iOS 11.. this is TERRIBLE smh.. do better @115858
2606718,Mon Oct 30 21:00:32 +0000 2017,@AppleSupport nasty rash due to my new Apple Watch series 3!!! https://t.co/zwkRVzJkYB
1434353,Mon Oct 16 18:36:48 +0000 2017,@AppleSupport I need advice. I’ve just finished an edit in FCP X (10.3.4) on High Sierra. Now the timeline’s gone missing but edit is intact
2077966,Mon Oct 09 11:10:57 +0000 2017,@AppleSupport The new apple update completely messed up my iPhone SE !! 😭 how can I undo the update or is there a better one on the way?
2406619,Tue Nov 14 13:46:11 +0000 2017,"@115858 
Your new update with changing the eyes to I️ makes me dislike apple! If you could fix it that’d be great🙄"
1690534,Mon Nov 06 18:21:32 +0000 2017,Apple can you fix our Unicode issue? “I “ would really appreciate it 😅 @115858
2153460,Thu Nov 09 01:45:05 +0000 2017,When is @115858 gonna fix this question mark in a box?
2675415,Tue Oct 31 15:36:43 +0000 2017,@AppleSupport iOS 11.0.3 on an iPhone 6s
1100866,Sat Nov 25 17:56:30 +0000 2017,@AppleSupport why is my Apple ID disabled?? I started the account recovery process Thursday &amp; was supposed to get a text/call last night but never did 😤
2559617,Fri Nov 03 02:36:23 +0000 2017,@AppleSupport why is my iPhone 7 Plus always freezing ? Every since the updates .. this is so annoying 🙄
2554022,Thu Nov 16 17:02:24 +0000 2017,"@AppleSupport nope, I’m talking about my own device :)"
1781962,Thu Oct 12 00:57:39 +0000 2017,@AppleSupport @34390 got the 8plus and its glitching can I switch it out for a new one
1375812,Mon Oct 16 14:21:03 +0000 2017,@AppleSupport please please tell me y’all are coming out with a new update soon my phone is the worst
2431311,Tue Nov 14 20:32:20 +0000 2017,@AppleSupport so y’all just not gon fix this shit I️t 🤷🏾‍♀️
1903570,Thu Oct 19 16:34:40 +0000 2017,@AppleSupport Mini Jambox
2750454,Tue Nov 21 00:15:49 +0000 2017,"@AppleSupport the high Sierra upgrade has turned my i7 iMac into a steaming pile of shit. How long does this crap take to finish upgrading. Completely unresponsive doing ""stuff"" after upgrade."
557876,Sat Dec 02 20:35:43 +0000 2017,@AppleSupport My iPhone keeps on turning on and off and the screen goes black but it was like it never turned off. It would go to black with the loading circle of death on the screen and then turn back on like nothing happened
2014905,Sun Nov 05 14:41:06 +0000 2017,@115858 so are you going to fix this or do I️ have too?
1699872,Mon Nov 06 19:09:44 +0000 2017,@115858 What’s up with my “I” Changing into an A? I’m lost. Do you not realize how hard it is to read sentences with that shit?
1533832,Fri Nov 03 19:22:20 +0000 2017,"When ur $1000 iPhone X won’t activate 

@115858 https://t.co/TDIhfbyJfZ"
2652648,Sun Nov 19 00:34:18 +0000 2017,"@AppleSupport Siri watch face calls me ""Dad"" and it drives me nuts. Is there a way to stop it ? #AppleWatch https://t.co/cajtrTdcwp"
2147676,Wed Nov 08 17:17:40 +0000 2017,Hey @115858 @2310 when are you going to fix the “I️” glitch? Where do I️ send my invoices for lost wages on un-editable type?
1577353,Sat Nov 04 14:23:42 +0000 2017,You’re really starting to piss me off. @115858 https://t.co/wnoJFGOaIS
806457,Thu Oct 12 09:00:36 +0000 2017,"Dear #Apple, what the hell have you done to the #PodcastApp? Just want to play ’em all. @AppleSupport #iphone #os11
#ios11"
1083967,Mon Oct 23 16:33:43 +0000 2017,This update may look good and all but I’m convinced this shit fucked my battery life up. FIX IT! 😠 @115858
1868259,Fri Oct 20 22:03:56 +0000 2017,Hey @AppleSupport is there any way to uninstall an iOS update? My phone has been going crazy since I installed 11.0.3. It sucks so bad 😣😣😣😣
910559,Sat Oct 14 16:08:38 +0000 2017,@AppleSupport Seems to be ok now after update and a restart.  Thanks
2756131,Tue Nov 21 02:13:24 +0000 2017,@AppleSupport Playlists DISAPPEARED on iPhone. When the phone updated to iOS 11.1.2 the playlists on my iPhone disappeared and did NOT reappear when I synched my mac to the iPhone. I tried to restart the phone and synch with my mac. Playlist gone #Apple
687896,Thu Nov 23 07:11:17 +0000 2017,@115858 @AppleSupport Is there a way to reset the iPhone passcode without factory resetting the iPhone?
157819,Fri Nov 24 17:19:43 +0000 2017,@115858 ok che è di giugno 2010... ma.. valutate voi... oggi era instabile l’ho girato e tutto l’alluminio era piegato... vi pare il caso? (Cliente Apple da 20anni) @AppleSupport https://t.co/jtGOsE48NI
2255359,Fri Nov 10 21:51:43 +0000 2017,"Hey @115858, can we maybe fix the whole I️ glitch thing? It’s kinda hard to text without using it. Ok cool thanks for the quick chat 🤙🏼🤙🏼"
2003207,Fri Nov 03 19:32:51 +0000 2017,first of all @115858 y’all got me fucked up with all these glitches .
1582168,Sat Nov 04 15:59:25 +0000 2017,@AppleSupport is it possible to book an appointment at the Leeds store for a replacement charger on Monday?
2012239,Sun Nov 05 15:15:44 +0000 2017,@AppleSupport I just wanna know what happened to my iPhone after iOS 11
1681617,Mon Nov 06 12:57:35 +0000 2017,"Turning off autocorrect fixes the I problem, but I’m not a fan of disabling a feature as a “fix”. Fix this bullshit @115858"
433139,Tue Oct 10 14:11:00 +0000 2017,Woke up this morning phone was at 100% (fully charged). reach wrk and phone now at 19%. @115858 what you doing?
1391586,Sat Oct 28 03:40:18 +0000 2017,im a strong believer that @applesupport sends out bugs as soon as they release new products. so glad i cant use my phone at all rn!! tysm!!
2020735,Sun Nov 05 23:07:15 +0000 2017,Using my (fuckin expensive) Ipad 3 again. Like wading through treacle. Cheers @115858 for deliberately breaking your old stuff 😤
1458094,Thu Nov 02 18:00:35 +0000 2017,"Haven’t had this phone for more than two days and there’s already an issue with it. Geez, @115858..."
542447,Sat Dec 02 02:18:02 +0000 2017,@AppleSupport @115858  my ios 11.1.2 is force restarting to home screen every 1 minute! How to fix? Pls
2864905,Mon Nov 27 23:27:30 +0000 2017,"@AppleSupport my partners having a melt down, he can’t restore his X from iTunes, it’s asking for his Mac login password but it sayin incorrect 🤬 help!!"
1441527,Thu Nov 02 01:37:23 +0000 2017,"Ok @115858, I. Get. It. I’m being punished for having an iPhone 6 with the insane lag time and shit battery life that came with iOS 11. 🖕"
326762,Sat Oct 07 13:56:04 +0000 2017,@AppleSupport my iphone 6 battery is draining a LOT faster under 11.02 than under 11.00 or 11.01 !! What gives?
1908335,Wed Oct 25 17:37:07 +0000 2017,Hello @115858 ! I am very unhappy with the way my phone has been tweaking &amp; freezing. Please feel free to mail me a new phone. Thanks.
1716116,Tue Nov 07 02:40:53 +0000 2017,@313409 @AppleSupport I️ updated this morning to see if that would fix it but it’s still doing weird stuff. https://t.co/gmcUgUa2VF
1014415,Sat Oct 14 13:49:20 +0000 2017,@AppleSupport please fix the 3D Touch lag in ios 11 on iPhone 7!
1646051,Tue Oct 17 11:03:59 +0000 2017,@AppleSupport am a step away from buying a Mac. One thing is holding me back. How difficult is it to transfer iTunes library from pc to mac?
2306688,Mon Nov 13 01:58:52 +0000 2017,@AppleSupport No that was not the issue. I️ was trying to move an app and it rotated on its own without me rotating the screen. So I decided to delete it and that notification rotated on its own as well.
154414,Fri Nov 24 16:23:06 +0000 2017,"@AppleSupport just restarted my computer for your stupid update, now I have the circle with a slash symbol upon startup. HELP"
2341721,Mon Nov 13 11:59:11 +0000 2017,.@115858 is anyone reporting alarm clock problems on 6s? If not I am mine randomly doesn't go off or it's late.
1954400,Sun Oct 29 18:32:48 +0000 2017,@AppleSupport 11.0.3. I’ve force quit the app a few times and reloaded it but it does the same thing. Shall I turn my phone off / on again?
590889,Sun Dec 03 15:55:35 +0000 2017,@AppleSupport. Since iOS 11 I can literally watch my battery percentage drop while looking at the screen. No apps open.  No battery problems with iOS 10. Apple please fix. In 30 min percentage dropped from 92% to 52%.
1538827,Fri Nov 03 21:24:31 +0000 2017,@115858 wassup with the i keep gettin question marks and shit 💆🏾‍♂️
299679,Fri Oct 06 20:08:05 +0000 2017,@AppleSupport This https://t.co/sKsYTGfdS5
2279853,Sat Nov 11 16:32:16 +0000 2017,@AppleSupport please fix the stupid I️ thing!
1395703,Sat Oct 28 12:04:24 +0000 2017,Call with @applesupport dropped and now they just keep rescheduling it. I hate iCloud so very much. I miss when Apple was user friendly.
1742426,Tue Nov 07 05:29:52 +0000 2017,"DEAR @115858, CAN YOU PLEASE FIX THIS STUPID i️ SHIT?!?! 👿"
1648378,Tue Oct 17 11:52:47 +0000 2017,Ive just lost all my photos after updating to the new iOS 11. This is annoying. @115948 @AppleSupport
1680021,Mon Nov 06 10:20:01 +0000 2017,Yo @115858 needs to fix this ASAP https://t.co/0it9vd7GNI
596919,Sun Dec 03 18:32:50 +0000 2017,@AppleSupport I keep getting this when I try and activate Messages. The Green bothers the heck out of me. I just want my blue Messages back. 😰 https://t.co/RxezCVZYip
2481442,Sun Oct 29 22:35:43 +0000 2017,When are we gonna get a new update to get rid of this bug? @AppleSupport I still unable to use my phone without WiFi and I really need to.
310267,Fri Oct 06 23:13:15 +0000 2017,"@115858 please, for the love of god. Fix the automatic connection to WiFi even after I turn my WiFi availability off"
398858,Mon Oct 09 15:35:44 +0000 2017,@AppleSupport iPhone 6 ... using 11.0.2 version
670359,Sat Dec 02 13:11:48 +0000 2017,@115858 fix my #iPhone reboot now. It is annoying. https://t.co/a2X0LeX3XM
2379305,Sun Nov 26 17:22:11 +0000 2017,@AppleSupport is there a way you guys could let me know an email i for is from you guys or not??  __email__ is who the email is from??
2187692,Thu Oct 19 06:50:16 +0000 2017,@116333 @AppleSupport @118721 @2310 could someone fix this for me?? Is almost a month... or it feels like that. https://t.co/jaLCSee7sf
2067997,Sun Oct 08 07:48:49 +0000 2017,@AppleSupport how do I remove @245 from my subscription list after I've cancelled it? Has renewed without me asking it 2 after 2 months
1281444,Thu Oct 26 16:25:39 +0000 2017,Decided to upgrade to that iOS 11 shit and now my phones battery draining without me even touching it. I’m done with your antics @115858 🖕
2803407,Wed Nov 22 01:26:49 +0000 2017,My @6380 iOS app on my iPhone 7 and X stopped working with 2015 CR-V since I upgraded to iOS 11. I get “no data” error on my dashboard. Other people are also running into this same issue. I hope fix is coming soon. @AppleSupport @781985
738502,Wed Oct 11 05:04:48 +0000 2017,@AppleSupport fix the battery drain issue ASAP or i ll never buy an iphone again
1746915,Tue Nov 07 08:35:44 +0000 2017,"Dear @AppleSupport ,   this message getting annoying for me, any solution for this issue in the meantime? https://t.co/PjFXNy8vVl"
1374588,Sat Oct 28 00:05:17 +0000 2017,Um. @AppleSupport ? (#Xcode documentation selection color) https://t.co/olndEGMVRy
996666,Fri Nov 10 08:13:33 +0000 2017,How is it even possible that this I️ thing isn’t fixed yet? @115858 @AppleSupport
1335180,Fri Oct 27 07:26:03 +0000 2017,". @AppleSupport since Oct. update having major issues, iPad no longer allows me to delete apps, Twitter &amp; Facebook have major access issues"
2242094,Fri Nov 10 19:05:26 +0000 2017,@AppleSupport thanks for the reply - sends me back to the log in - no progress
67418,Thu Nov 30 05:17:34 +0000 2017,@115858 Why is it that i have been waiting for almost a month for a refund of a returned item i paid cash for in the first place? Where is my money?
795243,Thu Oct 12 18:20:15 +0000 2017,"@AppleSupport 11.0.2 there is a .3 but telling me unavailable at this time. Seen many people complaining about freezes on screenshots, apps crashing and battery life reduced."
2081421,Mon Oct 09 23:17:54 +0000 2017,@115858  How could you release such a buggy macOS High Sierra to the public? I have to Restart daily - Sometimes twice a day due to bugs!
2027366,Mon Nov 06 17:28:29 +0000 2017,My phone was doing the question mark thing before I even updated so what’s really going on? @115858
1605514,Sat Nov 04 22:30:20 +0000 2017,@115858 y’all got my phone and me fucked up. get it together.
1110823,Tue Oct 24 01:40:43 +0000 2017,@AppleSupport do you wanna explain this one to me? https://t.co/GKbtACj1rg
2686729,Sun Nov 19 16:57:15 +0000 2017,@AppleSupport Im running iOS 11.1.2 I have an iPhone 6s Plus and this has been happening for about 7 months and the same thing happened to my moms as well and it happens in all modes even slow motion.
1691730,Mon Nov 06 18:37:50 +0000 2017,Any update coming soon for the “I” dilemma? @AppleSupport
2412495,Tue Nov 14 17:59:02 +0000 2017,"@AppleSupport I’ll use those tips but my point is I’m not doing anything differently than I was before and my battery life just isn’t as good.  Only change I’ve made is the IOS update...  Same problem is happening with friends that have updated as well. Logical reasoning points to update, yes?"
41676,Wed Nov 01 15:35:19 +0000 2017,@AppleSupport Latest MacOS HighSierra. Relaunching Finder does nothing but restarting the machine fix it temporarily. It seems to be the icon view causing
847030,Fri Oct 20 11:49:56 +0000 2017,@AppleSupport When will you be fixing battery life problems? As I type it’s gone from 100% to 95%. 94%. And turned off 4 times since waking.
855635,Mon Oct 09 15:59:26 +0000 2017,@AppleSupport Yes it started after the update to IOS 11.  Restarting hasn't fixed it.
2139933,Wed Nov 08 21:58:21 +0000 2017,@115858 thank u for ruining my iPhone with ur shit update.
2790692,Tue Nov 21 19:58:10 +0000 2017,"@AppleSupport Just a little addition:

I tested to set an alarm before rebooting and it didn't work. No pop up notification. No sound. Nothing.

Seems to work now after the reboot 🤷‍♂️ (3/2)"
1133155,Tue Oct 24 04:30:20 +0000 2017,@AppleSupport why is this popping up when I click the red 2? 😬 https://t.co/jTgKkqBv4o
2519376,Thu Nov 16 07:59:15 +0000 2017,@AppleSupport Version 11.1.1. 👍🏼
2910458,Tue Nov 28 21:18:46 +0000 2017,@AppleSupport  hola buenas tarde recibí un mail donde me dicen q compre algo y no lo hice como hago para cancelar?
2027810,Mon Nov 06 18:21:32 +0000 2017,Try 20 minutes and counting...🤯 @AppleSupport https://t.co/cMi0Zyqkq1
873879,Thu Oct 19 19:22:48 +0000 2017,"Full battery this morning, used my phone to look at the time once in a while. Couple of hours later, 16%. This new iOS sucks! @115858"
152967,Fri Nov 24 15:11:19 +0000 2017,@AppleSupport I got this email is this an scam!? https://t.co/0RPoD3xl6o
2838650,Mon Nov 27 16:23:22 +0000 2017,"@AppleSupport Correct. This may happen on all 8 email accounts... I know for sure that it’s happening on my hotmail email account, since there are 500 emails I deleted on my MacBook that continue showing as unread on my iPhone mail app. iOS 11.1.2 is what’s installed currently."
2466455,Tue Oct 31 00:40:34 +0000 2017,@AppleSupport @123379 Legit. Mine's been glitching all over the place. The camera isn't loading as well. Apps keep freezing even after updates. Battery drainage.
2072011,Sat Oct 07 16:22:58 +0000 2017,@AppleSupport The new iOS11 update is terrible.Are you planning release the new update for solve the performance issues?
689319,Thu Nov 23 08:49:09 +0000 2017,@AppleSupport battery life has rapidly decreased after the new update pls fix it...
1003801,Tue Oct 31 20:35:08 +0000 2017,"@AppleSupport ControlCenter. All of my devices.
I know it doesn't disconnect apple BT devices but it SHOULD reconnect when toggled back on, like wifi does"
763100,Wed Oct 11 21:18:09 +0000 2017,@AppleSupport Think we're in business: went into a user forum - this seems a common problem! - and it suggested restarting the wifi router. 🤞🏼
631758,Fri Oct 06 09:58:11 +0000 2017,"@AppleSupport Everything was enbled in Search settings, so I disabled and enabled all apps again and now it works! Search settings need some serious UX ❤️"
1449201,Thu Nov 02 15:15:40 +0000 2017,@AppleSupport can you guys do something about the boxes that are popping up when we use certain letters? Mad annoying 🤨
2447540,Wed Nov 15 01:42:03 +0000 2017,My 6 Plus been acting like a 3GS @115858  fix it plz
850451,Fri Oct 13 06:07:01 +0000 2017,Dear @115858. My battery is draining again. It was on 10% - I blinked and now at 1%.....🤔
500047,Fri Dec 01 19:00:33 +0000 2017,@AppleSupport hi guys. I need help with my iPod Touch
2747351,Thu Nov 09 10:04:19 +0000 2017,Why has @115858 made the quality of the iPhone 6 absolute shitee now there's newer phones out 🤦🏼‍♀️
2077571,Mon Oct 09 05:45:13 +0000 2017,@AppleSupport my iPhone SE headphones are not working correctly one side is louder then the other side. Can my Apple care + cover it?
2299882,Sun Nov 12 18:50:24 +0000 2017,@AppleSupport I follow the steps and the same msg https://t.co/q6adYUI1sb
1152771,Tue Oct 24 16:57:51 +0000 2017,"@AppleSupport Apple Maps seems to be down. I can't search or get directions on 4g on my phone, but I can on WiFi. All other apps working OK."
1740900,Tue Nov 07 14:32:40 +0000 2017,We need a update just to get back “l” @AppleSupport
1640197,Sun Nov 05 20:57:33 +0000 2017,@AppleSupport Keep getting an email every few minutes supposedly from Apple to reset my password. Can’t tell if it is genuine or not. Help!
2050256,Thu Oct 05 16:53:01 +0000 2017,Hey @115858. How fast can you get out another #iPhone upgrade b/c OS 11.2.0 is horrible!!! AND eats battery.
2410143,Sun Nov 26 17:42:00 +0000 2017,@AppleSupport when i open snapchat or get a snapchat from someone and I’m listening to music my music stops or my apple music app crashes and when i’m reading an e-book sometimes my music will just mute itself i have an iphone 7 that is up to date with iOS 11.2
181731,Thu Oct 05 19:33:23 +0000 2017,"@AppleSupport 11.2 and Instagram is mad slow still also safari is acting up a lot. Literally, all of my friends who have downloaded are complaining."
1683442,Mon Nov 06 14:36:12 +0000 2017,@AppleSupport my iPhone 7+ will freezes and music won’t work 50% of the time. Any new updates? I’m all caught up but still have issues
2138828,Wed Nov 08 18:27:20 +0000 2017,Fix the glitch eye stg @115858
1062185,Mon Oct 23 08:28:41 +0000 2017,"@AppleSupport How do I get rid of this? Tried everything, it's been there weeks, I need to get work done, I'm a small business owner 😭 https://t.co/fZzsF0Ktvj"
919774,Tue Oct 10 18:10:51 +0000 2017,"@AppleSupport 
Hello,my wife and I are being asked to do a double factor identification for accessing icloud on our phones."
857952,Fri Oct 20 15:36:40 +0000 2017,Esse #ios11.0.3 ainda está bugadão. Acabou de dar problema nas pastas. Não abriam. Precisei reiniciar. @115858
797600,Thu Oct 12 15:29:01 +0000 2017,"@AppleSupport Thanks. Goes to activation lock page asking for ID/password. Can't get in. Changed password on my phone, still no joy."
877754,Fri Oct 20 17:47:57 +0000 2017,"@115858 My brand new, fully charged IPhone 6 shut down for one day then resurrected. Wth?!"
2062459,Fri Oct 06 10:21:20 +0000 2017,heLLO PLEASE FIX IOS 11.1 @115858 PLEASE ASAP PLS https://t.co/xx5IuwV75y
500041,Fri Dec 01 19:02:01 +0000 2017,@AppleSupport iphone iosアップデートしたら再起動の繰り返し、タイマー機能もつかえなくなった
1859032,Thu Oct 19 14:32:21 +0000 2017,@AppleSupport I can’t comment much at the moment as I updated last night. However there was no mention of battery life improvement.
824746,Fri Oct 13 00:07:30 +0000 2017,@115858 I’ve been trying to redownload Instagram for an eternity and it’s not working help
2128253,Wed Nov 08 18:13:25 +0000 2017,Alright @115858 if you don’t get this “I️ “ fixed soon I️m going to lose my mind tbh
2977737,Thu Nov 30 03:10:26 +0000 2017,"@AppleSupport I'm affraid I can't complete the installation of the urgent Security Update 2017-001 that was released today for macOS High Sierra. I'm not fluent in English, It'd be Great for me assist me in es-MX."
1337332,Fri Oct 27 07:40:20 +0000 2017,"@AppleSupport hi, i have problem in my iphone 6s, my personal hotspot is not working. other device can't connect."
2040242,Tue Nov 07 21:18:15 +0000 2017,Why are my ?’s coming out as ? Marks ? @AppleSupport
404661,Mon Oct 09 21:24:43 +0000 2017,@AppleSupport No. It’s only with navigation in maps.
560426,Sat Dec 02 22:20:47 +0000 2017,@AppleSupport 8 plus and 11.1.1
2728285,Mon Nov 20 14:20:27 +0000 2017,"@AppleSupport It’s an iPhone 6. Running 11.1.2. I’ve done all those tips some time ago and my battery life is still horrendous! This has only been an issue since I upgraded to iOS 11, I had no battery issues on iOS 10, literally the day I upgraded I started to suffer."
1386696,Sat Nov 11 10:46:43 +0000 2017,@AppleSupport oh sorry for the late reply but no not at the moment
2207435,Fri Nov 10 00:25:13 +0000 2017,Hey @115858 I just updated to iOS 11.1.1 and it feels as though you downgraded my A10 processor to an A8.
2322539,Mon Nov 13 07:23:59 +0000 2017,My I watch won’t link to iPhone with latest upgrade @AppleSupport please advice
2020739,Sun Nov 05 23:16:03 +0000 2017,Yo @AppleSupport @118936 we need some answers ? &amp; why my phone cellular data keeps shutting down by itself every hour or so? Smh https://t.co/7gfEISUjWu
1914034,Wed Oct 25 20:36:03 +0000 2017,@AppleSupport Booted me out of a chat after I needed help with an issue!!! This is how they treat their customers...#AppleSupport #apple
1641301,Sun Nov 05 21:36:55 +0000 2017,Also hey @AppleSupport this whole “I️” thing is super annoying. Can we do better?
1756117,Tue Oct 17 20:28:57 +0000 2017,@AppleSupport that’s not me send help how do i stop all that https://t.co/lBMaPi8bFs
2005321,Sat Nov 04 00:56:58 +0000 2017,Hey @115858 when will you fix the I️ issue
1473858,Thu Nov 02 20:40:51 +0000 2017,@AppleSupport safari keeps crashing because of an 'nsrange exception' dont know what to do
1778449,Wed Nov 08 00:06:20 +0000 2017,Anyone else having issues uploading Instagram videos with the #iPhoneX - mine are getting distorted @AppleSupport
1456557,Mon Oct 16 20:12:45 +0000 2017,"@115858 i update my iphone 7 plus for y’all, and now the battery is shit. i want answers"
2048414,Thu Oct 05 14:06:08 +0000 2017,Ever since I downloaded iOS 11 my phone battery hasn’t held a charge well - anyone else experiencing this issue? @115858
2607075,Mon Oct 30 21:05:18 +0000 2017,By the way this is the exact @115858 typing disaster I️ mentioned last night. Real great update 👍🏼 https://t.co/JZ3H0LOeOb
2274042,Sat Nov 11 04:00:52 +0000 2017,@AppleSupport it’s high time Apple please fix iOS 11 even with the latest iOS i.e 11.1.1 its still battery hungry.. Also a new issue in Apple Music while playing songs online in Apple Music.. @AppleSupport please please fix.. 😑😒😩 https://t.co/56Vt5wk2dh
1758698,Tue Nov 07 18:05:11 +0000 2017,@115858 can this stupid A ? shit stop already? I️m v annoyed
663923,Thu Nov 23 02:03:55 +0000 2017,"@AppleSupport Why is Jay Versace's interview of the ""goin raw with timothy delaghetto"" podcast skipped on iTunes? It should be after ""gina darling"" and before ""james Davis"", but it's not. All the other episodes are there."
1552224,Sat Nov 04 00:08:51 +0000 2017,@115858 your updated got my phone fucked up !!!!!!!!!!! Fix it
2016217,Sun Nov 05 17:27:31 +0000 2017,"thank you @115858..phone has been working fine because I didn’t install any updates in the last year. Update my phone last night, crashes."
1989949,Thu Nov 02 12:25:05 +0000 2017,"@AppleSupport hi apple, I have 2 Apple id's. How do I change Apple ID accounts on the Apple Watch app and will I lose connection to watch"
1363240,Fri Oct 27 19:08:29 +0000 2017,@applesupport hey what's the maximum effective wattage that the iPhone X can be charged with?
2728191,Mon Nov 20 09:30:58 +0000 2017,@115858 Y’all need to fix this update 😠
1776806,Tue Nov 07 23:21:14 +0000 2017,Hi @AppleSupport ! Can you help me ? I just can’t update to IOS 11.1 . It is already downloaded but when it goes to verify to instal it says there is no connection with the internet (and there is). Ps: already rebooted
1021537,Thu Oct 12 15:11:48 +0000 2017,"in ios10, one day battery life and in #iOS11 4 hours battery life.  Woww... @AppleSupport  @115858 @35361"
2185526,Thu Nov 09 16:44:44 +0000 2017,This new IOS update...not feeling it. Constant freezing and being slow IS NOT an update. Also the “?” Replacing the “I” isn’t cool either @115858
1552566,Sat Nov 04 00:30:32 +0000 2017,"@480382 @AppleSupport Yeah I checked,it’s got to be the iOS update not being compatible with apps I think"
1897694,Tue Oct 24 17:38:54 +0000 2017,"Ugh, the @118936 is DOWN @AppleSupport"
1010566,Sat Oct 14 11:20:43 +0000 2017,"Never had such a bad software update for my iPhone 5s,nothing works anymore #worseupdate #appsstuck #apple #just anotherphone @AppleSupport"
1568400,Mon Oct 23 15:39:21 +0000 2017,".@115858 Your updated podcast app is ALL busted up. Constant restarts, confusing interface, incorrect playback timelines. It’s a mess."
2047995,Thu Oct 05 12:21:35 +0000 2017,I got my 7 a couple months ago and this update is killin my battery @115858 ya buggin
2398175,Tue Nov 14 04:23:47 +0000 2017,@AppleSupport I'd like to requestwan On/off switch to disable AutoPlay of music in the Music app when connected via USB in a vehicle. This seems to go all the way back to iOS 5 from what I can find.
2402095,Tue Nov 14 06:59:15 +0000 2017,@AppleSupport what is going on with iOS11.1 killing my battery!
2487156,Wed Nov 15 16:28:54 +0000 2017,@116333 when you’ll solve the problem of the ios 11.1.1 because my iphone 7 plus blocked from afternoon 🤬
912848,Fri Oct 13 19:36:08 +0000 2017,"@AppleSupport Get no connect. w/latest iOS at the Podcast app (iPad mini 2, iPhone 8, 5S).Any problems out there?Haven’t used it before btw."
2139847,Wed Nov 08 18:33:29 +0000 2017,Excuse me @AppleSupport why does my lock screen not have anything on it? I don’t even have the time up? #ios11 is just full of glitches 🤦🏼‍♀️ https://t.co/5NUFcVs0L9
1806597,Tue Oct 10 17:00:20 +0000 2017,@AppleSupport @115858 is there going to be a fix for battery and freezing issues for 6 and older models!? Or is upgrading our only option!?😡
2053696,Fri Oct 06 03:01:21 +0000 2017,@115858 if my phone dies at 90 % one more time.... it’s happened 4 times today can you guys help
2785629,Tue Oct 31 18:50:43 +0000 2017,@115858 Control Center bug still present in latest 11.1 update https://t.co/rTcsoL9XLf
1574321,Sat Nov 04 04:39:01 +0000 2017,@485189 Like something is wrong with @115858 can you plz explain!
908493,Sat Oct 21 00:43:26 +0000 2017,@115858 what’s up with the battery drain in the 11.0.3 update?
449438,Thu Nov 30 21:41:48 +0000 2017,@AppleSupport I can’t sync up with anything
2341938,Mon Nov 13 09:21:07 +0000 2017,@AppleSupport my photos got delted when i reseted my phone.  How to get them back??
2899041,Tue Nov 28 17:12:46 +0000 2017,@115948 @AppleSupport for sure just pissed me off this morning! How is it that I verified my student account multiple times  for Apple Music and you debit my account for 9.99?!! I need answers and I need them now!
2013659,Sun Nov 05 07:33:56 +0000 2017,I️ can type the letter I in certain words but not by itself @AppleSupport get it together.
566734,Sun Dec 03 01:35:05 +0000 2017,Hey @AppleSupport trying to register an Apple ID account to a new download of iTunes for a PC and I'm getting this error. What is wrong here? https://t.co/qlHdErIVfx
1403970,Mon Oct 16 16:34:28 +0000 2017,@AppleSupport Why the hell do you STILL require people to give you a card number to get FREE god damn apps?
2077307,Mon Oct 09 03:49:50 +0000 2017,@AppleSupport same thing is happening on my phone... are ya’ll aware of the issue??? https://t.co/DdfjV6ZyBX
1880815,Sat Oct 21 09:52:26 +0000 2017,"@115858 uhm your latest Update on iPhone (for me a 6) seriously sucks ass!! My phone is slow, doesnt react, eats the battery 😒 https://t.co/KxRY3LeS39"
1980922,Wed Oct 18 18:34:17 +0000 2017,"@AppleSupport Yes, I updated all of them and still have this issue"
2300928,Sun Nov 12 13:50:40 +0000 2017,@AppleSupport só queria que minhas notificações voltassem a aparecer normalmente 😔
1809307,Sat Oct 14 16:37:05 +0000 2017,@115858 I don’t what you put in this latest software update but it fucked my phone up 😡
1598095,Sun Nov 05 00:18:40 +0000 2017,WOULD BE FUCKING COOL IF I️ COULD TYPE THE LETTER “I” @115858 !!!!!!
1750453,Tue Nov 07 16:05:25 +0000 2017,I️ hope @115858 can fix this question mark disaster.
699586,Thu Nov 23 13:20:26 +0000 2017,"@AppleSupport Hi, UPS-Mexico delivered my iPhone X in another address by mistake. What can I do?"
1510833,Fri Nov 03 12:04:48 +0000 2017,Now what @AppleSupport https://t.co/bz4PN048PM
957990,Sat Oct 14 01:58:52 +0000 2017,@115858 fix this fucking update my phone hasn’t stopped freezing since I updated it😑
1010810,Sun Oct 22 21:20:26 +0000 2017,@AppleSupport No but https://t.co/X1CPv0Z1r9 is your offical Turkish domain address and SSL certificate expired or something like that.
242571,Mon Oct 02 17:02:59 +0000 2017,"@115858 I regret updating my phone. When swipe up to my control center and turn off the WiFi, don’t have it turn back on automatically thanks"
1508675,Fri Nov 03 05:32:46 +0000 2017,Can @115858 hurry up and fix whatever is wrong with us not being able to type “I️” without a box showing up? 😭
2698049,Sun Nov 19 19:27:43 +0000 2017,"My IPhone is lagging n freezing sometimes, can someone help?
@2531 @AppleSupport"
2354996,Mon Nov 13 18:39:51 +0000 2017,@AppleSupport I Thik there is something problem in update version of iOS because when I m using my iPhone with Bluetooth headset it is heating will I need to visit Care centre...
584792,Sun Dec 03 08:28:18 +0000 2017,@115858 my phone shouldn’t be freezing and apps shouldn’t be closing on their own... fix that
2205804,Thu Nov 09 17:51:34 +0000 2017,@115858 when y’all gon fix this “I️” glitch!
1395723,Sat Oct 28 11:30:09 +0000 2017,"Hey @115858! It says 4G right up there. What do you mean by “Mobile Data is Turned Off”. 
cc. @AppleSupport https://t.co/xkvCCmPnt4"
2957163,Wed Nov 29 18:59:17 +0000 2017,@115858 y’all best stop charging me for no reason I’m P O O R
845879,Fri Oct 20 09:55:37 +0000 2017,"Dites @AppleSupport on peut avoir une VRAIE réponse à cette question svp ? Mon portable s'éteint quand j'envoie un simple tweet maintenant, on se fout de la gueule de qui exactement? https://t.co/jG26CvbY2J"
1752315,Tue Nov 07 15:39:06 +0000 2017,"hi , @115858 my phone on this situation for more than 2 Hours !

what Happened Please ? 

also my colleagues complain on the same Problem https://t.co/FjhustMEso"
2776066,Tue Nov 21 20:40:37 +0000 2017,@AppleSupport The fix didn’t work then. I still see them on social media platforms.
1584603,Sat Nov 04 17:15:34 +0000 2017,@AppleSupport can you please fix the glitch when typing the letter “i”
249331,Sat Nov 25 02:16:10 +0000 2017,@AppleSupport put all my PICTURES AND SHIT BACK
2137201,Wed Nov 08 21:27:29 +0000 2017,Like am I️ the only one who sees this or does everyone else see my last tweet the same? #apple #iphone @AppleSupport https://t.co/pm0GqhCk44
1704640,Mon Nov 06 21:06:15 +0000 2017,I️ I️ I️ I️ I️ yeah thanks @115858 thanks great update I️ I’d like to say I️ love the update but can’t  use the letter eye anymore with I️ ??
320918,Sat Oct 07 16:00:16 +0000 2017,"@AppleSupport iPhone 6
I can use the navigation in my MBP"
1219219,Wed Oct 25 13:26:07 +0000 2017,@115858 @AppleSupport Drains the battery and is a security risk as it tries to connect with unknown networks. This needs to be addressed &amp; fixed.
889079,Sat Nov 25 16:13:46 +0000 2017,"Hi @AppleSupport, please open up iPhone #NFC to support FIDO #U2F #2FA...cc @67 @331078"
2193406,Thu Nov 09 20:20:39 +0000 2017,Is anyone else having this problem with the new iOS where it’s saying you ran out of space when you really don’t have that much of anything?!! Like please explain what the “other “ Is @115858 https://t.co/VtMb2bit00
1848430,Thu Oct 19 17:14:09 +0000 2017,Anyone having touch sensitive issues with their work i pad since the update??@115858 @AppleSupport
1628901,Sun Nov 05 20:06:37 +0000 2017,@AppleSupport OMG THANKS IT WORKED
1529994,Fri Nov 03 15:22:57 +0000 2017,"@AppleSupport svp pourriez vous corriger le fait que quand on écrit « ta » le correcteur auto écrit  « y’a » !
merci de votre compréhension"
1089317,Sun Oct 15 02:44:58 +0000 2017,Can I get iOS 10 back? @AppleSupport
434646,Tue Oct 10 14:52:43 +0000 2017,"@AppleSupport it doesn’t.when location settings r set to always on,on map it shows current location as one of the places I traversed to.inaccurate."
2889547,Tue Nov 28 05:35:50 +0000 2017,@AppleSupport I bought an iPhone 8 brand new that’s running like its been used for years &amp; I feel like i’ve been scammed with no way to return it. Please contact me asap
737263,Wed Oct 11 05:57:34 +0000 2017,"Dear @115858 &amp; @123765,
When is this gonna get fixed? Icon is shown this way on WATCH notifications after app drops supporting the watchOS. https://t.co/s1lUKU9ibO"
87114,Tue Nov 28 19:35:04 +0000 2017,@AppleSupport iphone X heats a lot while playing games even more than 6S Plus and 7 plus. Could you fix it on next update? Or is this a #HeatIssue ? #iPhoneX @258625 @115858 @2185
744275,Wed Oct 11 15:14:19 +0000 2017,I’m trying to charge my phone but the percentage keeps going down instead of up even tho it says it’s charging!!!!!!!!! @AppleSupport
1906569,Wed Oct 25 12:32:33 +0000 2017,@AppleSupport is there an update in sight that fixes my alarm only vibrating when my phone is on silent????
807893,Sun Oct 08 05:49:19 +0000 2017,How not to let Siri activating itself whenever i press the home button? @AppleSupport
359304,Sat Oct 07 12:35:53 +0000 2017,"Missing important button here. No stop nor pause? Please fix this @AppleSupport @115858 @116333 
😪
#ios11 https://t.co/NILoARhxy1"
215389,Thu Oct 05 00:20:29 +0000 2017,Since I’ve updated my iPhone it has been dying faster @115858  can you explain? https://t.co/2LHbdafwzn
2490772,Wed Nov 15 16:54:01 +0000 2017,"@AppleSupport so I just purchased a song on iTunes and downloaded it, but this is popping up and I can't rebuy the song. What do I do? https://t.co/oFUduFIFEw"
1599068,Sun Nov 05 01:25:02 +0000 2017,@AppleSupport okay the swipe down from right hand corner on #iPhoneX to access #ControlCenter is really clunky. PLEASE change it!
2039214,Thu Oct 05 08:49:23 +0000 2017,"Do something about the IOS 11 battery life guys, its terrible @115858 @116333"
587013,Sun Dec 03 12:04:06 +0000 2017,It’s 0700 and my phone has already started this bullshit @115858.  Restart x 1. Get it together. @AppleSupport
2750444,Tue Nov 28 12:21:18 +0000 2017,"@AppleSupport I can hear everything still playing in the bg, screen is frozen. Re-Installed El Cap due to all the H Sierra Probs, still happens. :("
619392,Wed Nov 22 11:59:37 +0000 2017,"@AppleSupport Hey Apple, can you check my battery health on my iPhone 7 Plus? It seems to be losing charge quickly, lately.."
2277996,Sat Nov 11 19:18:55 +0000 2017,@AppleSupport It all worked out! Thanks!!
2059606,Sat Oct 07 03:24:44 +0000 2017,"@AppleSupport when dnd for driving is on, I should still be able to stream @116935 to my car via BT. #ios1102"
1839489,Tue Oct 17 19:57:54 +0000 2017,@AppleSupport My iPhone 7 is suddenly overheating whenever I try to play a game since I updated to iOS 11
894333,Fri Oct 20 23:46:12 +0000 2017,"@AppleSupport No, i don’t. It is the original from apple"
661551,Thu Nov 23 00:57:15 +0000 2017,@AppleSupport Thanks. We’ve already discussed the only location by me has availability until Monday.  I’ve made an appointment.
2619872,Fri Nov 17 15:12:15 +0000 2017,@116333 yeh when i open Apple Music there is a blackscreen for five sec.then it opens up iOS 11 is glitchy  https://t.co/OniDib2G2e
1883281,Mon Oct 23 02:46:31 +0000 2017,"@AppleSupport this new update sucks!!!!! My phone crashes constantly! This is the first time, since I’ve had an iPhone, that it crashes."
860783,Mon Oct 09 15:10:08 +0000 2017,Dear @115858 thank you for your  AMAZINGLY SLOW new update that just fucked up my iphone. 😠😡
1558793,Sat Nov 04 02:34:48 +0000 2017,".@115858 confirmed the bug that replaces ""I"" w/: ""A ?"" (I️) on #iOS #iPhone #iOS11 is a known issue. Sadly, their fix didn't work for me. https://t.co/Za1CZDU28C"
229162,Wed Oct 11 17:29:42 +0000 2017,"@115858 hi apple what is wrong with your phones ?! I cannot connect to WiFi anymore, Bluetooth comes when it wants to. Fix it or android f me"
148068,Fri Nov 24 12:08:25 +0000 2017,@AppleSupport I’m not receiving notifications of any social media since I updated the iOS for 11.1.1. Now I’m with the last pne and just got worse. It doesn’t appear neither that red ball over the apps.
8573,Tue Oct 31 23:56:34 +0000 2017,@AppleSupport Thank you.
568851,Sun Dec 03 04:15:26 +0000 2017,"@AppleSupport Yes, I have iPhone 8 Plus and iPad Pro. No problems on those."
1598230,Sun Nov 05 00:11:21 +0000 2017,why...... do i still see the boxes w question mark even with the software being up to date @AppleSupport https://t.co/UghyXh6r6J
1098537,Fri Oct 13 21:51:13 +0000 2017,"@AppleSupport hi Apple support, I can hear “people” talking to me whilst I am using the music app on my iPhone 6s can you check it out plz x"
396068,Mon Oct 09 15:05:29 +0000 2017,@AppleSupport iOS 11 has destroyed my battery life. Will there be any fix soon?
2747366,Mon Nov 20 22:50:24 +0000 2017,@AppleSupport Iphone 6S with IOS 11 and on my phones lockscreen I used to be able to turn off message previews so it just said I got a message and now it shows me some of the message which I want to turn off
126368,Fri Nov 24 03:16:07 +0000 2017,"@AppleSupport This happens with Snapchat and freezes when I’m recording or playing back the video. The app is up to date. Yes, when I first set up this phone it was restored using the backup from my previous iPhone 6"
688562,Sat Nov 18 21:49:09 +0000 2017,@115858 seriously fix your shit. WTF IS WRONG WITH THE BATTERY LIFE? FIX IT SERIOUSLY. FCKEN ANNOYING
2237135,Fri Nov 10 18:08:12 +0000 2017,@AppleSupport You guys are killing me!! I need help with my computer and can't make a damn Genius Bar appointment! And no One to One anymore. I need someone in person to help and you guy insist on not taking customers in store #RipSteveJobs #sad
795272,Thu Oct 12 16:35:37 +0000 2017,@AppleSupport Thank you - I have checked out this page but can’t find an explanation how iOS11 adds to the experience over iOS10?
927945,Fri Oct 13 22:40:09 +0000 2017,Bmt I don't understand why a new fucking iPhone is crashing like this @115858
295929,Fri Oct 06 15:46:18 +0000 2017,Cometí el grave error de actualizar el software. Ahora todo es lento y la pila no dura nada. Gracias @115858 @AppleSupport #MyLastiPhone
1508739,Fri Nov 03 05:13:23 +0000 2017,@115858 y’all need to fix this keyboard Bc eye’m getting really annoyed. Eye can’t use the letter after h in the alphabet..fix it. please
283200,Fri Oct 06 04:07:34 +0000 2017,@183466 @AppleSupport I’ve been having the same issue. Plus this keeps popping up every 2 secs. It’s the charger the phone came with!! 🤦🏻‍♀️😔 https://t.co/aDEdvcrTuK
367948,Thu Oct 12 19:49:29 +0000 2017,@203170 @AppleSupport Yep. Same here.  Was at 17% by 4:30pm I never got below 50% during the work day before! iOS11.1 but updated to 11.2 yesterday
2485706,Wed Nov 15 13:53:42 +0000 2017,"@115858 @AppleSupport I hope people can realize this is not APPLE, tricky tricky people... who is this?  “ __email__ “ https://t.co/FW1PoFq2nO"
2585589,Thu Nov 16 23:52:39 +0000 2017,@AppleSupport https://t.co/V1za3V6u5Y
2294894,Sat Nov 11 22:46:45 +0000 2017,@AppleSupport  yo apple why can’t I️ type the letter I️ without that showing up????
1058144,Mon Oct 23 10:48:22 +0000 2017,@AppleSupport Maps Destination widget not working #iOS11 #iPhone8Plus. Says turn on Significant Locations but they're already on. Ideas?
2576099,Sat Nov 04 05:27:46 +0000 2017,Dear @115858 please fix my “I️” I’m tired of it looking all weird.
2208748,Thu Oct 19 14:06:09 +0000 2017,@AppleSupport Desde que atualizei meu celular ele está muito lento. E não sou só eu que reclamo disso. Consertem isso por favor.
1418541,Thu Oct 19 22:53:23 +0000 2017,@AppleSupport hey really glad I bought an iPhone 8 today but can't use it because it immediately froze and nothing is working to fix it
2444158,Wed Nov 15 00:18:38 +0000 2017,@115858 I’m sick and fucken tired of these god damn question marks popping up every time I️ have to say FUCKEN I️ !
883166,Fri Oct 13 16:21:09 +0000 2017,"Leaving my @115858 iPadPro on @39018 622 has been heartbreaking. Yes, it's just an object, but I can't afford to buy another one."
450378,Thu Nov 30 21:49:18 +0000 2017,"@AppleSupport Thanks! If you all could extend the recall, that would be ideal. Otherwise, it seems the cheapest option is to just spend the $650 to have it replaced.
https://t.co/lfrbIJXZcI"
1530015,Fri Nov 03 15:06:31 +0000 2017,"@115858 @AppleSupport why is it, every-single-update released is worse than the previous one?  Phone's crashed 3x since latest update. #FAIL"
2679274,Tue Oct 31 14:50:17 +0000 2017,@AppleSupport It moves automatically by itself and I don’t want that!!!
2615214,Fri Nov 17 06:38:39 +0000 2017,"@AppleSupport my phone just dropped 6% battery life in less than 60 seconds. I timed it for shits and gigs. Wtf guys? Since updating, my battery doesn’t last more than an hour and a half of light use"
1584551,Sat Nov 04 17:02:27 +0000 2017,"@487582 @AppleSupport the new update has bug, after update OTA the phone will be logo"
1908975,Tue Oct 31 03:53:00 +0000 2017,@AppleSupport my phone is completely frozen. This is what's on the screen. Don't have access to computer. Is there anything I can do without
1359157,Fri Oct 27 17:42:57 +0000 2017,Is my iPhone the only one who goes from 100% battery to 57% in like 20 minutes.... @115858 @AppleSupport #neediPhoneXFreePleaseThx
290544,Fri Oct 06 13:21:01 +0000 2017,@AppleSupport got 10.13 on iMac and now this is my life. https://t.co/qintGZuFK6
311509,Thu Sep 28 13:52:09 +0000 2017,"My iPhone 7 doesnthave an ""auto call answering"" option but I sick of it auto answering after few rings. How do I stop it?😡😡💚💚 @AppleSupport"
1576355,Sat Nov 04 13:56:15 +0000 2017,Why can’t I️ type the letter I️ by itself?! @AppleSupport
1465090,Tue Oct 17 05:54:43 +0000 2017,My $1000 iPhone 6s+ is so glitchy after the iOS update. My next phone will not be @115858
1770026,Tue Nov 07 22:33:03 +0000 2017,I️ hate this bug @115858 fix it❗️
2367756,Mon Nov 13 23:24:20 +0000 2017,IM SO OVER MY PHONE GLITCHING ON ME @115858 #fuckthatupdate
2794357,Tue Nov 21 20:56:58 +0000 2017,Is the @115858 Mac’s rainbow pinwheel of death supposed to make me feel good about imminently  losing all my shit?  At least PC has the guts to kick you in the face w/ a spinning hour glass as if to say your life is about run out of sand.
1341754,Fri Oct 27 12:31:31 +0000 2017,Assuming @AppleSupport that this is not a genuine message. https://t.co/xpi9I3xHMl
2419762,Sun Oct 29 05:13:12 +0000 2017,My speaker phone  doesn’t work because of this IOS 11.03 update  @AppleSupport @115858
2787829,Tue Nov 21 19:26:57 +0000 2017,"@AppleSupport Yeah unfortunately so, for both! 🙈"
738510,Wed Oct 11 04:44:57 +0000 2017,"@AppleSupport Constant crashes &amp; idiosyncrasies. Battery burn. Poor detail, which has always been standard for new releases but usually fixed by now"
1560062,Sat Nov 04 03:13:46 +0000 2017,@482051 @115858 Boy same. Shit wild
763667,Thu Oct 12 08:30:32 +0000 2017,@AppleSupport Yes. I have that and my phone is a mess.
2144051,Wed Nov 08 23:33:36 +0000 2017,Hey @115858 why is my App Store broken
385673,Tue Oct 10 02:26:16 +0000 2017,@AppleSupport Happening while opening watsapp facebook and most of the apps. There is time lag while opening. I cans share video vid you if u give me link
1655053,Mon Nov 06 01:32:26 +0000 2017,"So @AppleSupport can you fix the stupidest, most glaring error in the history of your iOS?"
1302378,Fri Oct 27 00:30:26 +0000 2017,@115858 Not allowing WiFi and blue tooth to be off is annoying af
1785786,Wed Oct 11 12:48:13 +0000 2017,My iphone 7 is less than 6 weeks old and since updating to iOS 11 it barely works... @AppleSupport dya want to help me out here?
17305,Wed Nov 22 11:41:25 +0000 2017,@115858 how come when I am listening to @115888 my music keeps pausing by itself????? I’m sorry I listen to Spotify and not Apple Music but Spotify is simply better. I’m sick of your shit Apple
1240105,Wed Oct 25 23:37:46 +0000 2017,@AppleSupport The device is a @23262 #kickrsnap. It shows fine on my @13948 #fenix. But no show on #iPhone
63223,Wed Nov 01 21:03:22 +0000 2017,When is @AppleSupport fixing this issue where the letter “eye” stops changing to I️ on all apps?
1886573,Mon Oct 23 04:47:39 +0000 2017,This update has made my phone SUCK.. @115858 you need to get it together
1473801,Fri Nov 03 11:11:45 +0000 2017,@116333 Anyone else having battery drain issues since the new update of iOS???
796622,Thu Oct 12 12:35:22 +0000 2017,@AppleSupport Replacement Apple Watch delivered and left behind a plant pot of a communal apartment block? Is that standard practice? https://t.co/XkY5Nr3Pnx
2119416,Wed Nov 08 19:46:46 +0000 2017,@AppleSupport Tried that they told me to go to the store only to find they didn’t have any... I might just miss this generation phone again
118016,Thu Nov 23 07:08:44 +0000 2017,@AppleSupport You have to go into your photos folder to delete pictures/videos now. You can go into your camera and delete them anymore? https://t.co/iGCzdiLxRL
966846,Sun Oct 22 13:14:52 +0000 2017,@AppleSupport Through the control centre like I always have. It’s never been an issue until this latest iOS update.
2892136,Tue Nov 28 12:04:17 +0000 2017,@AppleSupport Hi folks. Any idea why my iPad Air doesn’t connect with hot spot on my iPhone 6S+? https://t.co/8FmidxEhZ4
2227172,Thu Oct 19 15:31:59 +0000 2017,"Dear @318, @116333 PLEASE, PLEASE bring back continuous play. Hate the new upgrade of the app on i.OS 11.0.3 update"
523869,Sat Dec 02 03:33:21 +0000 2017,@AppleSupport why ios 11.1.2 often self rebooting? It back to passcode again
2476143,Wed Nov 15 06:13:01 +0000 2017,Fix the phone @115858 😡
1882560,Sat Oct 21 19:09:11 +0000 2017,"@AppleSupport, since move to iOS 11.0.3, Mail takes 10-15mins to load, Chrome isn't working, Instagram Stories won't load. What went wrong?"
2607517,Mon Oct 30 21:11:51 +0000 2017,@AppleSupport That was the one thing I was excited for and you guys fucked it up so bad. It’s like you don’t even know what interval training is.
2001540,Sat Nov 04 22:01:14 +0000 2017,@AppleSupport I did before this tweet and no one answered
1636514,Sun Nov 05 19:00:08 +0000 2017,Can @115858 fix this “ I️ “ from showing up on autocorrect. Thanks
1988236,Thu Nov 02 03:44:54 +0000 2017,Is iOS 11.1 suppose to fix bugs? All it did since I️ updated was create bugs!!!! Fix this!  @115858
2686676,Sun Nov 19 16:24:59 +0000 2017,@AppleSupport I️t goes from singing in right back to my settings and I️ never actually get signed in but I don’t receive an error message https://t.co/uievM8pSxG
552217,Sat Dec 02 19:37:27 +0000 2017,"@AppleSupport Hi @AppleSupport I’m running a 6 on iOS 11.1.2. It’s been the best phone I’ve ever owned, but since the upgrade to iOS 11 it will randomly drop Bluetooth connections and then immediately reconnect. Never used to do it before - it was rock steady."
1152773,Tue Oct 24 21:41:57 +0000 2017,@AppleSupport Perhaps not. But not a single one should. Purple? Aqua? Words half the size of those next to it? It’s absurd.
2299359,Sun Nov 12 09:23:25 +0000 2017,@AppleSupport i lost my iPhone and want to track it. But there is notification like this : 👇 what the meaning of it? https://t.co/Gs2ISc3HU7
146569,Fri Nov 24 09:18:00 +0000 2017,@116333 @AppleSupport @115858 any help please let me know. Just was trying to support the change.
1747438,Tue Nov 07 10:31:06 +0000 2017,FIX SPOTIFY IN THE MUSIC PLAYER #mygod @115858
1592348,Sat Nov 04 21:21:56 +0000 2017,@115858 my new iphone x heated during first charge. Stayed hung for 2 hours only to crash permanently thereafter. Is dead now!!
365278,Sun Oct 08 17:58:13 +0000 2017,The Podcast app updates in @115858 IOS 11.01 are pointless and make the app so much less user friendly. 😣😖😣
152926,Mon Nov 27 15:28:16 +0000 2017,@AppleSupport I would see it in both.  I just got the update notification yesterday.  Should be ok now.
1916006,Thu Oct 26 02:36:35 +0000 2017,"1/2 @115858 @AppleSupport There is something really wrong with iPhone7plus. Have changed my handset twice in 12 days.
#CustomerExperience"
1130484,Sun Oct 15 12:47:32 +0000 2017,@AppleSupport Every time you guys release an update I loose internet connection on my iPhone 6 plus even when i have full reception/on wifi
689405,Thu Nov 23 07:20:26 +0000 2017,Dear Lordddd in heaven @AppleSupport you are horrible my 7 Plus is freezing non stop and you are testing my patience with this chat support
2014982,Sun Nov 05 14:52:35 +0000 2017,"@115858 @AppleSupport Yeah, this is very weird. Whole words are being cut off. https://t.co/Tqhq9Emvfr"
2746151,Tue Nov 21 02:25:51 +0000 2017,@AppleSupport iPhone 6s with iOS11.1.2
1232327,Mon Oct 16 01:26:20 +0000 2017,"@AppleSupport Just updated to latest update, apps are freezing phone for 30-40 seconds in some cases complely@crashing forcing a hard reboot"
596871,Sun Dec 03 18:54:06 +0000 2017,@AppleSupport I know your phones are exploding but really this whole “I.T” thing is really frustrating. Is this issue being addressed?
917890,Tue Oct 10 17:35:29 +0000 2017,@AppleSupport Thank you I’ve found a fix now
427096,Thu Oct 12 18:39:14 +0000 2017,@173329 @AppleSupport 1.Volume control on WhatsApp video calls doesn’t work. 2. Screen rotation doesn’t work as desired. 3. WiFi switches on automatically
1655631,Mon Nov 06 01:44:05 +0000 2017,@AppleSupport any way I can check the overall health of my iPhone Battery
2647361,Fri Nov 17 22:09:56 +0000 2017,When @115858 issues an update to fix screen responsiveness and your phone screen is still unresponsive for over an hour the day after the update 😡👎
1690482,Mon Nov 06 18:26:56 +0000 2017,Yo @115858 y’all buggin son wassup with “I” in this question mark box ?
1679998,Mon Nov 06 13:07:39 +0000 2017,When is @115858 going to fix this letter glitch!? @AppleSupport
114507,Thu Nov 23 11:55:05 +0000 2017,Hey @AppleSupport - my iPhone X is stuck on the restore with just 270 bytes to go. What should I do? https://t.co/wgQZAbX7xf
2944523,Wed Nov 29 22:17:19 +0000 2017,@AppleSupport iCloud and I backed my phone up before I reset it and I only reset it because my phone was moving very slow since the new update.
1701008,Mon Nov 06 19:03:42 +0000 2017,"@AppleSupport Upgraded iTunes, now I can't access apps on my ipod touch via iTunes, can't access the store via the ipod."
1930362,Sat Oct 28 03:47:01 +0000 2017,"@AppleSupport after downloading iOS 11 (mandatory) my phone is slow, apps r not working properly + mute phone calls. What to do?"
366076,Sun Oct 08 20:16:46 +0000 2017,"@AppleSupport Why every time I start my iMac, it asks me to sign my iCloud account, I do it and it ask once more, and again, and again...???"
940606,Sat Oct 21 05:55:05 +0000 2017,"@AppleSupport this is the worst iOS update you’ve had so far, my phone has never had this many glitches and I’ve had apple for a while.😒"
1640271,Sun Nov 05 20:43:49 +0000 2017,@AppleSupport would you be able to follow me back so I can DM you about an order please?
2837238,Mon Nov 27 14:13:59 +0000 2017,"@AppleSupport I recently had the Apple Music app in a folder with Spotify.  When I deleted Spotify, I tried to move Apple Music out of the folder, but then Apple Music disappeared as well for some reason.  How do I get the Apple Music icon back onto my screen?"
1743672,Tue Nov 07 15:22:39 +0000 2017,Wtf. That damn “I️” error is the worst. Cmon @115858
2682070,Sat Nov 25 23:44:29 +0000 2017,I hate @115725 right now! And @115858 what the heck is wrong with the service
2110975,Fri Nov 17 19:36:01 +0000 2017,@AppleSupport   I have the iPhone X.  The OLED screen is awful. Just the slightest slant results in significant blue tint. Can it be fixed?
1998274,Fri Nov 03 13:53:49 +0000 2017,.@AppleSupport how much does it cost to replace a 15 inch 2015 MacBook Pro screen?
500065,Fri Dec 01 18:51:38 +0000 2017,@AppleSupport what are the size and resolution for MacBook Pro 15 inch wallpaper?
1533028,Fri Nov 03 16:04:34 +0000 2017,Hey @AppleSupport can you explain this problem I’m having every time I️ try to type “I️” 😑
2280644,Sat Nov 11 17:08:07 +0000 2017,"@AppleSupport 7 Plus, iOS 11.1. Yeah I can pause the music normally from the control center"
2067835,Sun Oct 08 05:51:44 +0000 2017,@AppleSupport ios 11 on iphone 6 is very slow. please fix it
1252470,Sat Nov 25 19:46:33 +0000 2017,@413804 @413805 @115858 @AppleSupport Never ran the update. iOS 10.3 ruined my speaker. Everything is really really reallllly quiet. Am forced to use ear buds
1976577,Wed Nov 01 18:14:10 +0000 2017,This is unusably bad. @115858 you REALLY fucked up with this battery thing. I shut off my phone and an hour later turned it on and lost 10%
2292437,Sat Nov 11 19:31:10 +0000 2017,@115858 j’ai perdu la moitié de mes photos avec un bug et votre MAJ. Thanks.
2634953,Fri Nov 17 18:31:22 +0000 2017,"@115858 Or released, even*"
585883,Sun Dec 03 22:36:26 +0000 2017,"@AppleSupport Yep, I usually check my health app once a week"
1940720,Sun Oct 29 20:44:15 +0000 2017,@AppleSupport What countries this feature supports?
326393,Sat Oct 07 13:40:41 +0000 2017,@AppleSupport Also in trouble with the Now playing app that remains on the watch even when I’m not playing music or watching a Netflix movie on my iPhone
2253508,Fri Nov 10 17:31:28 +0000 2017,"@AppleSupport It last for 6 hrs with mobile Data On without Mobile Data 8-9hrs,6S Plus 16GB and 11.1 software"
2352189,Mon Nov 13 14:54:27 +0000 2017,@AppleSupport photos not loading properly? Restarted my phone and tried clearing some space and still getting the same problem? https://t.co/9Cr0FcLr22
1175528,Tue Oct 24 20:34:23 +0000 2017,@AppleSupport my new MacBook is not allowing my £90 dongle to work it says this usb disabled can u help me please ? https://t.co/z7MZ1EbCAn
480573,Fri Dec 01 04:43:46 +0000 2017,"Today at the Summit Apple, I Purchased 2 iPhone X 256GB w/ Accessories. I have certainly learned that even at the Apple Store I can be treated unfairly based on my race and the way I look. Even other customers noticed the mistreatment.  @115858"
962212,Thu Oct 12 00:57:08 +0000 2017,@AppleSupport The newest one. 11.0.2 I think
939144,Sat Nov 25 05:42:11 +0000 2017,@AppleSupport is there a way to disable the keyboard settings shortcut? https://t.co/5IqlJV3rdP
236401,Thu Oct 05 08:37:47 +0000 2017,@AppleSupport - latest iOS is draining battery life doesn't last a day. #apple This happens annually just before a new phone announcements.
1700809,Mon Nov 06 19:04:58 +0000 2017,@115858 you need to fix this issue with typing the letter I!!!
1049025,Sat Nov 25 17:42:55 +0000 2017,My phone is constantly freezing. I just got it a few months ago. Any updates on software fixes? @AppleSupport
582749,Sun Dec 03 05:10:05 +0000 2017,@AppleSupport having issues with Apple TV 4K. The screen goes black only when changing volume.
2271620,Mon Nov 20 20:14:16 +0000 2017,"@AppleSupport I am having problems with my AppStore - it continually asks for the password, says app will start downloading, th n nothing happens. Never uses FaceID. What am I doing wrong?"
2488714,Wed Nov 15 15:39:32 +0000 2017,@AppleSupport how to recover my data after restoration on iPhone ?
2550309,Mon Oct 30 14:07:41 +0000 2017,"@115858 
camera troubles are happening. What the? https://t.co/apDcgCCUxq"
1528744,Fri Nov 03 15:02:15 +0000 2017,@AppleSupport fix this I️I️ stuff. It’s mad annoying
2978152,Fri Nov 17 04:04:59 +0000 2017,1+2+3=23 -according to the apple calculator @AppleSupport
1045620,Thu Oct 12 23:08:40 +0000 2017,"@AppleSupport I have a question when is your next Apple work shop, at the perimeter mall Apple store location. In #DunwoodYGA"
2703232,Sun Nov 19 23:13:52 +0000 2017,@AppleSupport I just updated. https://t.co/VqAIylNvxC
2294436,Sat Nov 11 22:15:00 +0000 2017,"Bonjour @AppleSupport , mon iPhone refuse complètement de se connecter à iCloud depuis cet après midi https://t.co/y3tPAFmFKM"
2347699,Mon Nov 13 15:16:52 +0000 2017,Cannot get our @16487  to work with @115858 TV. It shows we do not have a subscription (works on PC and iPad). No help from either @16487  or @115858. Very frustrating.
31653,Wed Nov 22 17:34:42 +0000 2017,#Siri is brain damaged.. and my phone has become ridiculously slow. I get that u want me to buy the new phone @115858 but far too obvious. @122986 pixel is looking better all the time..
260437,Thu Oct 05 21:13:52 +0000 2017,@AppleSupport Already solved!! 😄
1880749,Sat Oct 21 08:44:29 +0000 2017,@17256  @122951 @132444 @115858 @AppleSupport it’s disgusting that 1 day old iphone 8 plus has a disfubctiinal camera!
709073,Tue Oct 10 21:29:10 +0000 2017,@AppleSupport I am having free 20 gb i cloud space of 50 gb still this problem persists https://t.co/dvs5DrU7Fq
1757074,Sat Nov 11 19:49:30 +0000 2017,@AppleSupport @118936 when will you put back the feature of turning off auto brightness it’s annoying and killing my battery so inconvenient
1420700,Wed Nov 01 22:59:20 +0000 2017,"So... @115858 still hasnt charged me for my phone, despite confirming my order by email and phone several days ago. What up with that?"
2517113,Wed Nov 15 22:48:04 +0000 2017,special shoutout to the new @115858 update for messing up my phone and causing me to lose everything ❤️❤️❤️❤️
1466122,Thu Nov 02 17:08:46 +0000 2017,Just wondering if @AppleSupport is aware of this &amp; if their preparing the fix. https://t.co/zxA6RSGQIo https://t.co/mEYYMj7GEk
2953860,Wed Nov 29 17:51:11 +0000 2017,"My laptop is pissing me off. @115858, you are failing me"
1956305,Wed Oct 18 17:13:08 +0000 2017,@AppleSupport Yes it is enabled. Now I disabled
2121059,Wed Nov 08 08:18:36 +0000 2017,@115858 fix this I️ fuckin bullshit dude I’m screaming at my piece of shit phone from this whack ass update
1138392,Wed Nov 01 22:51:45 +0000 2017,My battery is Super bad why is it draining so much @115858
2484297,Wed Nov 15 16:57:04 +0000 2017,@AppleSupport It’s showing connected and will play for a second and then just lose connection and not play anything
1701662,Tue Oct 17 16:57:37 +0000 2017,@AppleSupport It's 10am and I've already had to restart my phone 6 times due to it freezing everytime i try to use it
1710972,Tue Oct 17 17:42:08 +0000 2017,"The new iPhone update is TRASH. Battery life is at least 50% worse, keeps slowing and freezing. I’m so salty, @115858"
426404,Tue Oct 10 16:10:24 +0000 2017,@AppleSupport It only shows the regular Apps available for update (and the number corresponds accordingly).  It seems to work as normal.
2281682,Sat Nov 11 21:11:58 +0000 2017,@AppleSupport It finally worked and the update showed up. Thank you
1887335,Mon Oct 23 12:38:36 +0000 2017,@AppleSupport GET YOUR SHIT TOGETHER I HAVE THE NEWEST IPHONE AND MY SHIT STILL DONT FUCKING WORK
2892087,Tue Nov 28 13:02:31 +0000 2017,@115858 you think it’s just a coincidence that 3 days before the new iPhone came out my phone started holding a charge for 30 minutes tops
1040180,Sat Oct 14 18:48:11 +0000 2017,@AppleSupport Is there a way to buy a extended warranty for a MacBook Pro bought a couple of  weeks ago?
1803010,Fri Oct 13 12:53:41 +0000 2017,After updating to ios 11.0.1 my iphone 6 plus ..became very slow @115858
2277621,Sat Nov 11 14:43:28 +0000 2017,@AppleSupport I️ did this update this update is a lie!!!!!!!!!!!
2093781,Wed Nov 08 03:20:36 +0000 2017,This exclamation mark and question mark box is really starting to piss me off @AppleSupport wtf is up!?!!?!!?
2302752,Sun Nov 12 15:41:10 +0000 2017,"I updated my @115858 mac to the new software, and now it says it can't use the @123196 app. Is there a new one? I can't find one, and I'm really confused."
974467,Mon Oct 23 14:41:40 +0000 2017,@AppleSupport Why I can’t switch of Wifi&amp;BT in the Control Center? It’s only disconnecting it = Wasting energy + continues tracking customer ☹️ it’s bad
1461635,Thu Nov 02 19:47:46 +0000 2017,"@AppleSupport Data Roaming is disabled, nevertheless my phone used roaming and called my mailbox at night. What’s going on here?"
2490875,Wed Nov 15 17:18:52 +0000 2017,@AppleSupport It has LTE with no bars. https://t.co/d00ulnUaJF
1174825,Tue Oct 24 22:04:52 +0000 2017,@AppleSupport Computer
2753661,Tue Nov 21 01:35:30 +0000 2017,@AppleSupport It worked!! Thank you ☺️
1108090,Sat Oct 14 02:09:09 +0000 2017,"iOS 11, I turn off Wi-Fi, lock my phone, unlock my phone &amp; wifi is automagically &amp; annoyingly back on @AppleSupport"
1712998,Tue Nov 07 01:44:52 +0000 2017,What the fuck is this “A ?” @115858
1760475,Tue Nov 07 17:49:49 +0000 2017,"someone please for the love of god, talk to @115858 about fixing the letter ""i"" on my iphone. this is too stressful."
2898984,Tue Nov 28 18:18:53 +0000 2017,"@803137 @115858 Dear @115858, the battery life on every iPhone sucks....."
2361780,Mon Nov 13 20:12:57 +0000 2017,@AppleSupport help! Ever since I updated to 11.1 my phone is soooo slow. It’s infuriating. Is there anything I can do? It gets stuck ALL the time and it was fine before!!!!
851743,Fri Oct 20 13:42:30 +0000 2017,Hello @AppleSupport I've sent you a DM can you help please ?
2945671,Wed Nov 29 13:31:11 +0000 2017,"@AppleSupport Is this a genuine email add from Apple?
https:__email__

Thanks"
215758,Wed Oct 04 21:42:50 +0000 2017,@167304 #iPhone update is killing my battery life. Thanks @115858
690402,Wed Oct 18 11:20:21 +0000 2017,@AppleSupport @115858 iOS 11.0.3 Problems Problems Problems!📱7 Plus crap after update!Provide fix! Crash&amp;drain bugs to use phone normally.
715635,Fri Oct 06 22:34:57 +0000 2017,@AppleSupport I don’t own EarPods. But speaker is same results.
1083283,Sun Oct 15 02:32:30 +0000 2017,"@AppleSupport Phones freezes then closes all my apps, lyrics are mismatched, reshuffles after each song, control center not registering music playing"
2525552,Thu Nov 16 03:24:28 +0000 2017,@AppleSupport as I’ve had it in low battery setting and still happening can’t see another work around. You forums have nothing.
2143278,Wed Nov 08 21:08:23 +0000 2017,sick of all these boxes ! And ? Jesus fix it @115858 😡
1954413,Sun Oct 29 18:22:20 +0000 2017,"@AppleSupport Hi, I have this same problem. https://t.co/evvqQ73zLD
 Which is really annoying. :("
59593,Wed Nov 01 20:57:27 +0000 2017,@AppleSupport Thank you!
1234737,Wed Oct 25 18:18:27 +0000 2017,"@AppleSupport i’ve tried restarting, resetting network settings, removing sim card, EVERYTHING. nothing works. this is ridiculous"
2063436,Thu Oct 19 01:01:48 +0000 2017,"@AppleSupport Yes, it constantly keeps doing it which then drains my battery"
2679998,Sun Nov 19 09:45:22 +0000 2017,@AppleSupport help pls https://t.co/amjxIrYWbg
87041,Thu Nov 30 08:49:49 +0000 2017,@AppleSupport I’m not the only one experiencing a bug where the camera settings in iOS 11 reset to default at random despite all Preserve Settings enabled. Running the latest iOS on iPhone X. Please tell me a fix is coming because this is extremely frustrating!
1703062,Mon Nov 06 20:22:55 +0000 2017,Is @115858 ever going to fix this glitch. I️ am going crazy.
2292847,Sat Nov 11 20:00:32 +0000 2017,@AppleSupport y’all trying to play me I️ have the 7 why my shit glitching now that the X came out https://t.co/PZ3QentHPB
243056,Wed Oct 04 17:40:34 +0000 2017,my new iphone 8 wont deliver texts to people without iphones?? @AppleSupport help??
51713,Wed Nov 01 17:35:06 +0000 2017,@115858 your liverpool store customer service is appalling
